sector,sector_name,year,young_jc_share,young_emp_share
11,Agriculture,1978,0.3515871092803489,0.1569623115983781
11,Agriculture,1979,0.4488517328757557,0.21337451105934005
11,Agriculture,1980,0.47530579528734873,0.25057781201849
11,Agriculture,1981,0.5111817181962606,0.27797610415109497
11,Agriculture,1982,0.47423544197737744,0.29762882967484444
11,Agriculture,1983,0.4837660041027092,0.2878726809317764
11,Agriculture,1984,0.4804188394656473,0.2866375330830307
11,Agriculture,1985,0.522381037727395,0.29473073391135823
11,Agriculture,1986,0.47992642717652934,0.29049646206063395
11,Agriculture,1987,0.5174928046050528,0.3167611307586013
11,Agriculture,1988,0.5237372642531974,0.32891602060665176
11,Agriculture,1989,0.5728140222879641,0.33600686205705754
11,Agriculture,1990,0.5618524230510242,0.33746511425082854
11,Agriculture,1991,0.541026041550443,0.3330724368277159
11,Agriculture,1992,0.4922847832185942,0.3150458351010413
11,Agriculture,1993,0.4999550521395182,0.3060659532790468
11,Agriculture,1994,0.489498288858568,0.2908369074762034
11,Agriculture,1995,0.49024628139478177,0.28058462456574096
11,Agriculture,1996,0.5007265933153415,0.2627102005295806
11,Agriculture,1997,0.4740103270223752,0.254715052389471
11,Agriculture,1998,0.4667254729001274,0.2582362728785358
11,Agriculture,1999,0.43584526564765125,0.2401006614444602
11,Agriculture,2000,0.4735794426348172,0.24904896888205105
11,Agriculture,2001,0.4265784296190306,0.24068570302622289
11,Agriculture,2002,0.3764874964070135,0.2156218834199318
11,Agriculture,2003,0.346560501240047,0.20523487511411656
11,Agriculture,2004,0.4273406434510182,0.19740457930851446
11,Agriculture,2005,0.4364704683625989,0.2054943935371357
11,Agriculture,2006,0.4817439581972567,0.2216498616174301
11,Agriculture,2007,0.44367552239813657,0.21434481609133824
11,Agriculture,2008,0.40137246857867453,0.20105712917602858
11,Agriculture,2009,0.43816748178460924,0.18970442292733955
11,Agriculture,2010,0.34790009250693804,0.1748088472630103
11,Agriculture,2011,0.37496912309592423,0.16626367825231203
11,Agriculture,2012,0.37925961270825875,0.16277790921472463
11,Agriculture,2013,0.3852409114628631,0.15820293438303132
11,Agriculture,2014,0.42610981308411217,0.161526010666082
11,Agriculture,2015,0.40443298572363107,0.1636782334384858
11,Agriculture,2016,0.4548519436207807,0.1751894354853873
11,Agriculture,2017,0.40658704306912774,0.18440221498209927
11,Agriculture,2018,0.4857025133910177,0.1951040361456938
11,Agriculture,2019,0.44233947357813697,0.1923194129549721
11,Agriculture,2020,0.4588324776573493,0.1895669326854263
11,Agriculture,2021,0.4880439980870397,0.2030240608468833
11,Agriculture,2022,0.42044441614669553,0.20230323785062843
11,Agriculture,2023,0.45944257568476693,0.19368938153419826
21,Mining/Oil/Gas,1978,0.1909152183332531,0.060682983843438267
21,Mining/Oil/Gas,1979,0.21443670135148035,0.09038839446848693
21,Mining/Oil/Gas,1980,0.32134489154006707,0.12416228383918183
21,Mining/Oil/Gas,1981,0.3792539614451896,0.17238881343671728
21,Mining/Oil/Gas,1982,0.40307299517056816,0.2102172902089136
21,Mining/Oil/Gas,1983,0.35285905366995485,0.1874705957693415
21,Mining/Oil/Gas,1984,0.4420485636114911,0.20882288322206632
21,Mining/Oil/Gas,1985,0.34995263679289623,0.17482789615331196
21,Mining/Oil/Gas,1986,0.34725702644720474,0.1639665146192698
21,Mining/Oil/Gas,1987,0.2867126538492478,0.1383520171046746
21,Mining/Oil/Gas,1988,0.2787469704113623,0.14454358935324382
21,Mining/Oil/Gas,1989,0.33093413220246665,0.15197663818985216
21,Mining/Oil/Gas,1990,0.3201894268870204,0.14836965311618813
21,Mining/Oil/Gas,1991,0.35270077649193105,0.15263477954564972
21,Mining/Oil/Gas,1992,0.25911098224640916,0.1316459573816316
21,Mining/Oil/Gas,1993,0.26858481015746016,0.1347385156157816
21,Mining/Oil/Gas,1994,0.25814813968892036,0.13149403988106292
21,Mining/Oil/Gas,1995,0.27048204480295446,0.12449885069759983
21,Mining/Oil/Gas,1996,0.2634532179556517,0.11461507232751438
21,Mining/Oil/Gas,1997,0.30458325275575326,0.13581756977050854
21,Mining/Oil/Gas,1998,0.21015970835864942,0.11162992724508633
21,Mining/Oil/Gas,1999,0.2528524857375713,0.10638661740151846
21,Mining/Oil/Gas,2000,0.20298485426381388,0.09808139302332816
21,Mining/Oil/Gas,2001,0.209892377181732,0.09781310721017221
21,Mining/Oil/Gas,2002,0.2422390759977475,0.10365017696165901
21,Mining/Oil/Gas,2003,0.2041596511082282,0.09986138296306547
21,Mining/Oil/Gas,2004,0.24519731238762185,0.10352731303697128
21,Mining/Oil/Gas,2005,0.2428764332959513,0.10720771723492804
21,Mining/Oil/Gas,2006,0.30440140233954666,0.12888234022336117
21,Mining/Oil/Gas,2007,0.22231286273909978,0.1371890786761208
21,Mining/Oil/Gas,2008,0.2596147347076715,0.13253297489653038
21,Mining/Oil/Gas,2009,0.2903601910755926,0.13433377990175493
21,Mining/Oil/Gas,2010,0.3179037008287482,0.1312353126024702
21,Mining/Oil/Gas,2011,0.2864988386903424,0.14214783881788248
21,Mining/Oil/Gas,2012,0.31328039977075,0.14907468171676072
21,Mining/Oil/Gas,2013,0.27852630305334936,0.13577417305772715
21,Mining/Oil/Gas,2014,0.28741567223236464,0.13743635910842159
21,Mining/Oil/Gas,2015,0.315235210758843,0.14874919055708638
21,Mining/Oil/Gas,2016,0.31829822233022415,0.11743990989274009
21,Mining/Oil/Gas,2017,0.26320266808448933,0.1251501969539187
21,Mining/Oil/Gas,2018,0.26706399228829897,0.12438646601112718
21,Mining/Oil/Gas,2019,0.3217234842399512,0.12597840863654539
21,Mining/Oil/Gas,2020,0.26874843240531726,0.11395572766034089
21,Mining/Oil/Gas,2021,0.2798343886994642,0.10654160450291604
21,Mining/Oil/Gas,2022,0.24276128108289155,0.10629715410383594
21,Mining/Oil/Gas,2023,0.1851372226179134,0.09980069037759859
22,Utilities,1978,0.020821512273344025,0.0035003580948441944
22,Utilities,1979,0.0423005806598112,0.006091409209449299
22,Utilities,1980,0.043268545359501975,0.006495698988073259
22,Utilities,1981,0.055368830709357865,0.008149655030778026
22,Utilities,1982,0.05308900971871387,0.008949841385861643
22,Utilities,1983,0.04642754110972209,0.008981732566479753
22,Utilities,1984,0.07795856256584338,0.01047233982332721
22,Utilities,1985,0.07514726954306639,0.010966166816120016
22,Utilities,1986,0.0812085792318417,0.012269462742334819
22,Utilities,1987,0.1310434247538678,0.01505099105086692
22,Utilities,1988,0.10659114315139032,0.017475048152687796
22,Utilities,1989,0.1312159207980501,0.0201266785297138
22,Utilities,1990,0.10588235294117647,0.020872150823113455
22,Utilities,1991,0.09424914235124866,0.018420048997744035
22,Utilities,1992,0.04449237256303692,0.015099520448857798
22,Utilities,1993,0.05124174262062045,0.013625668900066133
22,Utilities,1994,0.08343059900088706,0.011837809458640549
22,Utilities,1995,0.09040999883191216,0.01310964785763419
22,Utilities,1996,0.06384337517712096,0.013178971999740002
22,Utilities,1997,0.07619065125085013,0.013675452620788668
22,Utilities,1998,0.1060050747110234,0.018747777317856665
22,Utilities,1999,0.06169704664308818,0.019324285476525503
22,Utilities,2000,0.09980130570536475,0.02471876442870728
22,Utilities,2001,0.08621929664167734,0.028248933583618376
22,Utilities,2002,0.10491785790484319,0.029753481846183333
22,Utilities,2003,0.05130389878647044,0.023652276591867194
22,Utilities,2004,0.07552144896437599,0.021374850725410982
22,Utilities,2005,0.06749716874292186,0.0239425114277182
22,Utilities,2006,0.06668842889511886,0.01854864900236382
22,Utilities,2007,0.06372625961387537,0.018656236488988964
22,Utilities,2008,0.09028815368196372,0.01968649987739165
22,Utilities,2009,0.0674021642342927,0.01911697628452366
22,Utilities,2010,0.16048542036528127,0.02350003752251351
22,Utilities,2011,0.0873998089621662,0.021904140580114067
22,Utilities,2012,0.09582581864800852,0.022138527262681992
22,Utilities,2013,0.06192366942220486,0.017007150394160172
22,Utilities,2014,0.07556658173528229,0.017134960266872987
22,Utilities,2015,0.06115685467270482,0.016849540176251464
22,Utilities,2016,0.060656296128079934,0.01417724365029674
22,Utilities,2017,0.051721764439811996,0.013965090374660679
22,Utilities,2018,0.03377817508460507,0.01325637545715637
22,Utilities,2019,0.0767773967344014,0.014908430334546986
22,Utilities,2020,0.08363814332079748,0.01530111302244111
22,Utilities,2021,0.108011583011583,0.01738685555620673
22,Utilities,2022,0.08162399014103792,0.022160275299815034
22,Utilities,2023,0.11175740914576908,0.024402077312793972
23,Construction,1978,0.35943915462454723,0.16071767029978076
23,Construction,1979,0.41022448482887575,0.21495330981712757
23,Construction,1980,0.46691137262908816,0.2489072434407474
23,Construction,1981,0.4938357857523949,0.2800914668483016
23,Construction,1982,0.4987558935624247,0.29998429094708623
23,Construction,1983,0.5097883879695235,0.2955677317739482
23,Construction,1984,0.48668315244094396,0.3062688063607907
23,Construction,1985,0.4854931521614414,0.30881499222056746
23,Construction,1986,0.5117348121910664,0.3166537431372736
23,Construction,1987,0.5207228251746469,0.3274495952882841
23,Construction,1988,0.5319156117130787,0.3329050068691141
23,Construction,1989,0.529587334735356,0.336765209788598
23,Construction,1990,0.507968584777303,0.3207016961300108
23,Construction,1991,0.5101557734411425,0.2976266205097352
23,Construction,1992,0.4853297356514623,0.28063194282219256
23,Construction,1993,0.48271912715883875,0.27523689717139216
23,Construction,1994,0.4647289159604869,0.27039665139870744
23,Construction,1995,0.471764545531182,0.2701322538726544
23,Construction,1996,0.4709588364379354,0.26455514047741024
23,Construction,1997,0.4505829409228641,0.26306590781386274
23,Construction,1998,0.45609082697408804,0.2576867548302002
23,Construction,1999,0.4351853482805973,0.2532997450711236
23,Construction,2000,0.4059783613679589,0.2398763719318587
23,Construction,2001,0.40667026438633674,0.22405593705099858
23,Construction,2002,0.4106193462349345,0.21767572849122377
23,Construction,2003,0.4109098074301295,0.2147981576714684
23,Construction,2004,0.4066895586580685,0.21551040738689717
23,Construction,2005,0.43026569392207964,0.22202468594457678
23,Construction,2006,0.4146416472982592,0.22954088290619984
23,Construction,2007,0.4170897661969503,0.22296759634366448
23,Construction,2008,0.386235261084872,0.206173703158064
23,Construction,2009,0.4106492164789535,0.18855117945138375
23,Construction,2010,0.36342952926510086,0.17346278292949513
23,Construction,2011,0.3413713340234318,0.16547318082103982
23,Construction,2012,0.32234777652694496,0.15890067646179062
23,Construction,2013,0.31550532988295626,0.15548417613605112
23,Construction,2014,0.3222263455548307,0.1568660751104514
23,Construction,2015,0.3185454419278446,0.1582560541145139
23,Construction,2016,0.33108010252657216,0.15841395619188148
23,Construction,2017,0.34740349878094356,0.159127591810563
23,Construction,2018,0.3511469850690171,0.16050214373560168
23,Construction,2019,0.3636958571349343,0.16180725680582952
23,Construction,2020,0.368504334082038,0.16037995017745332
23,Construction,2021,0.39898147691647357,0.16375863101628452
23,Construction,2022,0.3633101491537446,0.16415091317711908
23,Construction,2023,0.35593826370254966,0.16231403677995784
31-33,Manufacturing,1978,0.14203446287075988,0.027051277959324303
31-33,Manufacturing,1979,0.15260055091690766,0.037978474108270106
31-33,Manufacturing,1980,0.19494956666379298,0.048621795116526194
31-33,Manufacturing,1981,0.26178646619082346,0.06509609781528287
31-33,Manufacturing,1982,0.27010735116683204,0.07661722906409624
31-33,Manufacturing,1983,0.26295997851195274,0.07486840397179953
31-33,Manufacturing,1984,0.2130580009124326,0.07807209897155896
31-33,Manufacturing,1985,0.2451983062058369,0.08108446886741252
31-33,Manufacturing,1986,0.26434025638518716,0.08323165774098305
31-33,Manufacturing,1987,0.2704523220954084,0.08358042130608698
31-33,Manufacturing,1988,0.25021376666045275,0.0891613773220259
31-33,Manufacturing,1989,0.26079727411094694,0.09264596008111858
31-33,Manufacturing,1990,0.2860750131156846,0.09152487426258733
31-33,Manufacturing,1991,0.2835497034841399,0.08593242573158967
31-33,Manufacturing,1992,0.254840168149384,0.08010614933767966
31-33,Manufacturing,1993,0.2520481819929231,0.07776438770615056
31-33,Manufacturing,1994,0.2474545884865649,0.07576331901548286
31-33,Manufacturing,1995,0.23256137422630224,0.07499446394348001
31-33,Manufacturing,1996,0.25314972350443044,0.07345297317315698
31-33,Manufacturing,1997,0.23466187595874718,0.07416336972100876
31-33,Manufacturing,1998,0.2348895631719228,0.07163777681673085
31-33,Manufacturing,1999,0.22340621982387723,0.06944329894896244
31-33,Manufacturing,2000,0.21236771540565297,0.06753858097980892
31-33,Manufacturing,2001,0.21624959998695498,0.06475776533544104
31-33,Manufacturing,2002,0.2693787770246689,0.06641831535446001
31-33,Manufacturing,2003,0.20583081762334016,0.06372613130121307
31-33,Manufacturing,2004,0.2051209408233108,0.062154474928384204
31-33,Manufacturing,2005,0.1914324547908832,0.06201815803421933
31-33,Manufacturing,2006,0.20703061072339063,0.06414008429486394
31-33,Manufacturing,2007,0.2072713676048399,0.06336406323101242
31-33,Manufacturing,2008,0.20143063153005122,0.05753135585886309
31-33,Manufacturing,2009,0.22807473522651406,0.055192729348416694
31-33,Manufacturing,2010,0.20475208548130097,0.05214351614896846
31-33,Manufacturing,2011,0.17039623549442096,0.051142208176157285
31-33,Manufacturing,2012,0.17962018254283704,0.05197179502028035
31-33,Manufacturing,2013,0.17992677836885848,0.05105598514541045
31-33,Manufacturing,2014,0.18329585138866034,0.050745187409252976
31-33,Manufacturing,2015,0.17557793326287238,0.0507027613973122
31-33,Manufacturing,2016,0.1856427643591913,0.05038862720865263
31-33,Manufacturing,2017,0.1711108315285279,0.05000437077942598
31-33,Manufacturing,2018,0.18114916603538708,0.0507913425726573
31-33,Manufacturing,2019,0.18574685483796533,0.052252318479559634
31-33,Manufacturing,2020,0.18205773734140016,0.050303113385730826
31-33,Manufacturing,2021,0.1879116735359171,0.05035752791550495
31-33,Manufacturing,2022,0.1621626318373305,0.051553013996557394
31-33,Manufacturing,2023,0.15863303088350977,0.04851963368736916
42,Wholesale,1978,0.20854825519888673,0.06319463251463113
42,Wholesale,1979,0.24370532990859875,0.08842949098816924
42,Wholesale,1980,0.29670043275315594,0.11041541263521766
42,Wholesale,1981,0.3524504367458574,0.13979703397526375
42,Wholesale,1982,0.3235265228613368,0.15780211254530957
42,Wholesale,1983,0.3542296855417032,0.15443414825823076
42,Wholesale,1984,0.33521923969623346,0.15631004014182082
42,Wholesale,1985,0.3577359615418621,0.16022212309600642
42,Wholesale,1986,0.3555049697554516,0.16125522589938168
42,Wholesale,1987,0.32428722805764987,0.16244663326747186
42,Wholesale,1988,0.3324361584919156,0.16609783655166752
42,Wholesale,1989,0.33593497863450117,0.16655740908309577
42,Wholesale,1990,0.3314212563262876,0.15975575427329983
42,Wholesale,1991,0.3408307054537472,0.15486930784119451
42,Wholesale,1992,0.313547899605857,0.1446179701267567
42,Wholesale,1993,0.3275469322719613,0.14309893307071467
42,Wholesale,1994,0.315316276403495,0.13702304044823793
42,Wholesale,1995,0.3083316397184976,0.13633764976201884
42,Wholesale,1996,0.3202597876077419,0.13674762518357117
42,Wholesale,1997,0.2777852646377396,0.1341726578443699
42,Wholesale,1998,0.27895476153430177,0.12961351034345256
42,Wholesale,1999,0.2656967231133572,0.12452761187094431
42,Wholesale,2000,0.26648170393100884,0.12396043734798343
42,Wholesale,2001,0.2502272664664885,0.12021752257661802
42,Wholesale,2002,0.2847839626060331,0.11727488619837372
42,Wholesale,2003,0.23049622536262965,0.11167153469303787
42,Wholesale,2004,0.22511840944639755,0.10657768457152354
42,Wholesale,2005,0.24645652054944453,0.10638205978954135
42,Wholesale,2006,0.2545432410166458,0.1068471648690803
42,Wholesale,2007,0.21788408825684588,0.10331073315557227
42,Wholesale,2008,0.21825686737229985,0.09318753507146865
42,Wholesale,2009,0.21991741835319512,0.08357270885313572
42,Wholesale,2010,0.22992685468721855,0.07954276839986986
42,Wholesale,2011,0.2134814021865105,0.07827187123262047
42,Wholesale,2012,0.20254608262882778,0.07830446327803257
42,Wholesale,2013,0.1807031206541692,0.07607612043556317
42,Wholesale,2014,0.19141907199313005,0.07288478515163854
42,Wholesale,2015,0.18261655379963768,0.07092755864811265
42,Wholesale,2016,0.1808902654399168,0.06729288634569566
42,Wholesale,2017,0.1671042128951842,0.06502234017911214
42,Wholesale,2018,0.18160363210190486,0.06149232847016105
42,Wholesale,2019,0.19970611787693765,0.06111736367816331
42,Wholesale,2020,0.17441978494060326,0.05835299328959034
42,Wholesale,2021,0.1879319849774317,0.05744717059248353
42,Wholesale,2022,0.14412272564775375,0.05718225207129689
42,Wholesale,2023,0.135495633426972,0.053704278378490004
44-45,Retail,1978,0.2450464632319865,0.07794137847328855
44-45,Retail,1979,0.28360903050238445,0.10423242511052308
44-45,Retail,1980,0.3299617386029377,0.1256406895647795
44-45,Retail,1981,0.3414134998982606,0.1459129796226716
44-45,Retail,1982,0.35057103137593043,0.16402506559551908
44-45,Retail,1983,0.35486056172946434,0.15955046852958543
44-45,Retail,1984,0.3401399941115373,0.15800186954827566
44-45,Retail,1985,0.34851885233588703,0.15897472986488903
44-45,Retail,1986,0.33907389824498374,0.161521128754964
44-45,Retail,1987,0.3175344138109138,0.16063290496650162
44-45,Retail,1988,0.3146073538346417,0.16309836678168843
44-45,Retail,1989,0.32363895400175186,0.1605055298959336
44-45,Retail,1990,0.32090858891525714,0.15376337044869082
44-45,Retail,1991,0.3111750209903063,0.14045467838091952
44-45,Retail,1992,0.30201242308433374,0.13136380070977027
44-45,Retail,1993,0.2703078238563489,0.12473868290882326
44-45,Retail,1994,0.26003858517134976,0.11738013126312097
44-45,Retail,1995,0.2525729045911973,0.1141167907647635
44-45,Retail,1996,0.256369479302331,0.11200649290055247
44-45,Retail,1997,0.2300418492279143,0.1091757274713625
44-45,Retail,1998,0.24293877445723278,0.10641898173585274
44-45,Retail,1999,0.22603614992054508,0.10326825113983078
44-45,Retail,2000,0.2423656663269718,0.10451535822388634
44-45,Retail,2001,0.23031464473338747,0.09779939577988439
44-45,Retail,2002,0.24306434105542818,0.09859530561277323
44-45,Retail,2003,0.23906231938419004,0.09743258028085568
44-45,Retail,2004,0.22949593233904123,0.09468182154905957
44-45,Retail,2005,0.255129062553724,0.09508597268757149
44-45,Retail,2006,0.23309742732255978,0.09341114869451099
44-45,Retail,2007,0.2198908628400279,0.09200639259525877
44-45,Retail,2008,0.23427574378401533,0.08694222354471129
44-45,Retail,2009,0.24608195005756037,0.081549217068282
44-45,Retail,2010,0.2590403330694906,0.08045284010078645
44-45,Retail,2011,0.2245877839737674,0.07678910132198294
44-45,Retail,2012,0.21904526611501995,0.07590551351812788
44-45,Retail,2013,0.2200773585949704,0.07496264148533215
44-45,Retail,2014,0.22881827685098372,0.07303840288769954
44-45,Retail,2015,0.2237800355438175,0.0733976736572214
44-45,Retail,2016,0.22787617718076328,0.07328005444021758
44-45,Retail,2017,0.21599042005023292,0.07418809542324849
44-45,Retail,2018,0.22521019741078493,0.07292332907322073
44-45,Retail,2019,0.2398657965811679,0.0724186710671095
44-45,Retail,2020,0.22645680165309373,0.07068970040939908
44-45,Retail,2021,0.23047503482180418,0.07243641644884294
44-45,Retail,2022,0.20896142999356718,0.07363797693045648
44-45,Retail,2023,0.2478675064310105,0.07379405189154688
48-49,Transportation,1978,0.1645642833535309,0.05229585106032123
48-49,Transportation,1979,0.2189591354911168,0.07531273491258843
48-49,Transportation,1980,0.29295236319567447,0.0956321212230123
48-49,Transportation,1981,0.3513916077964082,0.11733877652106006
48-49,Transportation,1982,0.3561620681653455,0.13363655769737412
48-49,Transportation,1983,0.31676779797373766,0.13347030123798453
48-49,Transportation,1984,0.3145615328546653,0.14066857729574148
48-49,Transportation,1985,0.3236255140917922,0.14411855277404842
48-49,Transportation,1986,0.33071207443060546,0.14624858019804649
48-49,Transportation,1987,0.29300891609532015,0.143225772564125
48-49,Transportation,1988,0.268519820971867,0.14121765610341655
48-49,Transportation,1989,0.2894736842105263,0.14126975361210983
48-49,Transportation,1990,0.2966365073318383,0.14156866532294493
48-49,Transportation,1991,0.27578215956184626,0.13271675135987265
48-49,Transportation,1992,0.2911269322992733,0.1267265782742878
48-49,Transportation,1993,0.31133396268680597,0.1284054091291367
48-49,Transportation,1994,0.31357077064783545,0.12642720402809743
48-49,Transportation,1995,0.29498452786758356,0.12538726274789969
48-49,Transportation,1996,0.2911965769678937,0.13211543817484386
48-49,Transportation,1997,0.2630550155988452,0.1263316291720019
48-49,Transportation,1998,0.26186393623416293,0.12461742796096321
48-49,Transportation,1999,0.24561120596041577,0.11991936744008135
48-49,Transportation,2000,0.22839914012760726,0.10852844981285348
48-49,Transportation,2001,0.24457946055709776,0.10366450930621042
48-49,Transportation,2002,0.2800501143549038,0.1034515128232945
48-49,Transportation,2003,0.2183816413678291,0.10609649046840527
48-49,Transportation,2004,0.2451283658258164,0.10517136545273634
48-49,Transportation,2005,0.283588403805077,0.10634367325185276
48-49,Transportation,2006,0.24396983950392664,0.10531273836589625
48-49,Transportation,2007,0.20747454125161893,0.09775777740823512
48-49,Transportation,2008,0.23356136083493678,0.09110617272809313
48-49,Transportation,2009,0.2560950465899442,0.08556717415939578
48-49,Transportation,2010,0.2559061288902726,0.08544901650029876
48-49,Transportation,2011,0.2461899752929377,0.0864316717635215
48-49,Transportation,2012,0.25835072575105916,0.087773185570709
48-49,Transportation,2013,0.22863632179350096,0.08787173895220902
48-49,Transportation,2014,0.24365433753914795,0.08792838412563513
48-49,Transportation,2015,0.20450123420938,0.08631611250617782
48-49,Transportation,2016,0.22681057608395827,0.08362261015080014
48-49,Transportation,2017,0.21017986988136242,0.08243181343278205
48-49,Transportation,2018,0.23087165467537304,0.08137464256189002
48-49,Transportation,2019,0.21790535193433874,0.08600401013889676
48-49,Transportation,2020,0.27401700016569847,0.09227319807640075
48-49,Transportation,2021,0.3161242368407502,0.1087556782909283
48-49,Transportation,2022,0.22697273933441847,0.1098324592809238
48-49,Transportation,2023,0.2508675660931791,0.10686813915082237
51,Information,1978,0.12319521867783871,0.031042664338752277
51,Information,1979,0.14241036171220975,0.04525649831321362
51,Information,1980,0.1362811110634587,0.059020582202886765
51,Information,1981,0.1773597486437065,0.07578824176493255
51,Information,1982,0.2776821979583327,0.08803350634418093
51,Information,1983,0.12148031114640892,0.08799231508165226
51,Information,1984,0.17451811885920313,0.09789727680110306
51,Information,1985,0.2072710687680535,0.09651248539175332
51,Information,1986,0.24002031770771726,0.09947098777015549
51,Information,1987,0.2052689738113181,0.0973066905190089
51,Information,1988,0.279184903116392,0.10178887570167658
51,Information,1989,0.24367046185743904,0.10599149021894068
51,Information,1990,0.24166014914622463,0.09968889206262502
51,Information,1991,0.2045972379017946,0.09245508422715144
51,Information,1992,0.23036689485424197,0.09462866924520007
51,Information,1993,0.23466695318004868,0.0986494958220528
51,Information,1994,0.23890316084653096,0.09891420015952948
51,Information,1995,0.230849393142037,0.09393905226290085
51,Information,1996,0.2227049855867284,0.09844258113881273
51,Information,1997,0.24920652183006098,0.10926664281635626
51,Information,1998,0.1989094225709559,0.1041104843654584
51,Information,1999,0.21960071518128066,0.10993737088934195
51,Information,2000,0.2995400861927164,0.1294560091299167
51,Information,2001,0.2930850759237451,0.13812395530091726
51,Information,2002,0.1903711438500343,0.11309609198663033
51,Information,2003,0.1844367770581747,0.09876814843336328
51,Information,2004,0.1765668906536347,0.08868371289835754
51,Information,2005,0.2120617700547689,0.08295461644521444
51,Information,2006,0.17424746343885553,0.07844523707293492
51,Information,2007,0.14675981822808243,0.07087157585750575
51,Information,2008,0.1570519416036897,0.06763117376518844
51,Information,2009,0.15263522300919732,0.06445747420602996
51,Information,2010,0.1806004919575517,0.06270400817900579
51,Information,2011,0.16045611891671757,0.06190892802417124
51,Information,2012,0.18803914289060997,0.06781381291229935
51,Information,2013,0.14164790444072517,0.0647114185836165
51,Information,2014,0.1403138082023284,0.06669534639907698
51,Information,2015,0.17651127022010077,0.06871373618939981
51,Information,2016,0.19007728348340322,0.0777211672070403
51,Information,2017,0.1864163511289971,0.07205497596161496
51,Information,2018,0.17445901671994343,0.06749121058886795
51,Information,2019,0.18655194285643217,0.07097536774779896
51,Information,2020,0.19832775619690132,0.07041928758266551
51,Information,2021,0.17395181490693126,0.06961187850610928
51,Information,2022,0.1785532371075403,0.07664819192178142
51,Information,2023,0.20289203566344496,0.07282352459282675
52,Finance/Insurance,1978,0.09435177055896986,0.02563044401333832
52,Finance/Insurance,1979,0.1245195939271692,0.037385173628321326
52,Finance/Insurance,1980,0.16731018557949826,0.048991399658529756
52,Finance/Insurance,1981,0.1881207423284515,0.06393799092841419
52,Finance/Insurance,1982,0.2230230380465459,0.07069816410028866
52,Finance/Insurance,1983,0.3333593360302891,0.09825124897869292
52,Finance/Insurance,1984,0.3191410693271685,0.10660054919823837
52,Finance/Insurance,1985,0.29803625640698195,0.11850788948507918
52,Finance/Insurance,1986,0.22818312419469552,0.11313353786423455
52,Finance/Insurance,1987,0.2579989015280455,0.10863725222825713
52,Finance/Insurance,1988,0.22309507824558247,0.09235840227283763
52,Finance/Insurance,1989,0.20374270451861548,0.09076455330043573
52,Finance/Insurance,1990,0.22404231429703667,0.09085522759611432
52,Finance/Insurance,1991,0.1614230557589373,0.07390655485208275
52,Finance/Insurance,1992,0.1618014945790368,0.06440004898534621
52,Finance/Insurance,1993,0.1808525957061651,0.0754575561809488
52,Finance/Insurance,1994,0.14982156916570388,0.06888854380993051
52,Finance/Insurance,1995,0.16780849054956626,0.0637883563380792
52,Finance/Insurance,1996,0.1803846474837489,0.06821198477718758
52,Finance/Insurance,1997,0.15245576984415385,0.07275464944666495
52,Finance/Insurance,1998,0.1669798313280568,0.07934722849574938
52,Finance/Insurance,1999,0.16447490392663325,0.0829153988490487
52,Finance/Insurance,2000,0.15885862984192586,0.08058809858740504
52,Finance/Insurance,2001,0.1491788385590488,0.07943698425443066
52,Finance/Insurance,2002,0.16767669438590735,0.07875859660959876
52,Finance/Insurance,2003,0.17903306454063522,0.08258557759386496
52,Finance/Insurance,2004,0.15983989000794047,0.08172032641505195
52,Finance/Insurance,2005,0.18779940032660092,0.08376303043004246
52,Finance/Insurance,2006,0.16458778726821185,0.08023317802526106
52,Finance/Insurance,2007,0.1654618891760183,0.08010983594801652
52,Finance/Insurance,2008,0.1472294556432788,0.06658149446105814
52,Finance/Insurance,2009,0.16471638289589607,0.06314844943913672
52,Finance/Insurance,2010,0.14514999036352935,0.05824167072073877
52,Finance/Insurance,2011,0.13990795724065666,0.0548840408386979
52,Finance/Insurance,2012,0.13273912776325678,0.05282185509574071
52,Finance/Insurance,2013,0.12571135452343163,0.049426118026816644
52,Finance/Insurance,2014,0.1371830288047865,0.04977551342173017
52,Finance/Insurance,2015,0.12371061184117564,0.048741673739725336
52,Finance/Insurance,2016,0.10936385715916398,0.04607653633260855
52,Finance/Insurance,2017,0.10815399060192236,0.04459596085881877
52,Finance/Insurance,2018,0.11549709264645353,0.04414604947690725
52,Finance/Insurance,2019,0.12689867525420848,0.044869440730361566
52,Finance/Insurance,2020,0.12676281077138168,0.04430021119091846
52,Finance/Insurance,2021,0.1188038608730384,0.045312219200402556
52,Finance/Insurance,2022,0.11961778179308892,0.048800567068830625
52,Finance/Insurance,2023,0.09141396841422081,0.04642385707928266
53,Real Estate,1978,0.3892342008446164,0.16157186054072736
53,Real Estate,1979,0.4528971572723895,0.22328403893723417
53,Real Estate,1980,0.5073515692055081,0.2690033734776278
53,Real Estate,1981,0.550795237526856,0.309844855261845
53,Real Estate,1982,0.5589225857622849,0.33596866311430235
53,Real Estate,1983,0.5426986147794858,0.32827621760480924
53,Real Estate,1984,0.49288961820611943,0.3218215684252306
53,Real Estate,1985,0.5714907733211417,0.3372895047083994
53,Real Estate,1986,0.5595966962548545,0.34304521464506155
53,Real Estate,1987,0.5772106096177025,0.36002050272024283
53,Real Estate,1988,0.5499497576764591,0.3595570303751152
53,Real Estate,1989,0.5645206182539663,0.3576042909770946
53,Real Estate,1990,0.5604549716030156,0.34842493691824944
53,Real Estate,1991,0.47340557267297095,0.31667922081636934
53,Real Estate,1992,0.493603904892467,0.29694293110530184
53,Real Estate,1993,0.4604577089614835,0.28519974248219104
53,Real Estate,1994,0.48515148110699174,0.2741591046655501
53,Real Estate,1995,0.45382585751978893,0.2617970653307524
53,Real Estate,1996,0.46054953133615145,0.25883695644347154
53,Real Estate,1997,0.3892345463527913,0.24137415440920643
53,Real Estate,1998,0.3923510971786834,0.23216981759920446
53,Real Estate,1999,0.38983863845166006,0.22616376066215155
53,Real Estate,2000,0.39090935515665914,0.21613051135142805
53,Real Estate,2001,0.35049717133513514,0.20267103852319415
53,Real Estate,2002,0.3729122206510793,0.19750836088289306
53,Real Estate,2003,0.38056961274635775,0.1971823681098164
53,Real Estate,2004,0.4021512931358141,0.19610477471830232
53,Real Estate,2005,0.40894701909957387,0.2034172371801015
53,Real Estate,2006,0.4319844819479786,0.21255752041002812
53,Real Estate,2007,0.3822981381109397,0.2075164145592707
53,Real Estate,2008,0.36566941630124444,0.1917754941491126
53,Real Estate,2009,0.3899794647478171,0.1826333952431828
53,Real Estate,2010,0.3964194285635848,0.18143444416737114
53,Real Estate,2011,0.3674260818417471,0.17279874213836477
53,Real Estate,2012,0.34016205165899094,0.17292341957584495
53,Real Estate,2013,0.3476234938157063,0.17105409644222377
53,Real Estate,2014,0.34482234555885816,0.16779423024643786
53,Real Estate,2015,0.3670512427124885,0.16978942091969573
53,Real Estate,2016,0.36285503237113104,0.17037870942024425
53,Real Estate,2017,0.34464901228332123,0.1686339800025535
53,Real Estate,2018,0.36061599493098984,0.1708863121126986
53,Real Estate,2019,0.3926649172397976,0.17184752411840154
53,Real Estate,2020,0.37896418648637537,0.16957077755737945
53,Real Estate,2021,0.4134995327930426,0.17793381758743548
53,Real Estate,2022,0.35461182514698447,0.17725315347198364
53,Real Estate,2023,0.328780021507946,0.1702175901869118
54,Prof/Sci/Technical,1978,0.3063716535141,0.10693339601703786
54,Prof/Sci/Technical,1979,0.38727278096897566,0.15150175185721296
54,Prof/Sci/Technical,1980,0.4294712811287942,0.18459943030842482
54,Prof/Sci/Technical,1981,0.46231643631747116,0.2203976374918451
54,Prof/Sci/Technical,1982,0.5073570578008733,0.26687921663375713
54,Prof/Sci/Technical,1983,0.5260572036299286,0.2691193321996713
54,Prof/Sci/Technical,1984,0.5184288768042781,0.28032216476465516
54,Prof/Sci/Technical,1985,0.5119569749125926,0.2770432097117429
54,Prof/Sci/Technical,1986,0.49554534602961203,0.2760623049935144
54,Prof/Sci/Technical,1987,0.48118680202367187,0.2663226173947807
54,Prof/Sci/Technical,1988,0.47434303844318887,0.2633307125694401
54,Prof/Sci/Technical,1989,0.46440701574474913,0.2600705930280696
54,Prof/Sci/Technical,1990,0.4671967196719672,0.24862879598599857
54,Prof/Sci/Technical,1991,0.468749328038877,0.23817755517424527
54,Prof/Sci/Technical,1992,0.44985989512481545,0.2277789992438827
54,Prof/Sci/Technical,1993,0.4757178317344596,0.23621447067570206
54,Prof/Sci/Technical,1994,0.45494763179005593,0.21920357283267916
54,Prof/Sci/Technical,1995,0.4371122450585008,0.21645596323741295
54,Prof/Sci/Technical,1996,0.43714247930071365,0.22475106946911352
54,Prof/Sci/Technical,1997,0.4216810676776995,0.226195459216378
54,Prof/Sci/Technical,1998,0.41210978126655035,0.2186454522762428
54,Prof/Sci/Technical,1999,0.39125200671892996,0.2203905597009255
54,Prof/Sci/Technical,2000,0.41264371214460016,0.21914166274165617
54,Prof/Sci/Technical,2001,0.40170319422009026,0.22102009422409022
54,Prof/Sci/Technical,2002,0.3586048965352389,0.2066062464877817
54,Prof/Sci/Technical,2003,0.3503521589100669,0.19237805609372272
54,Prof/Sci/Technical,2004,0.36431740877309765,0.18379776234481765
54,Prof/Sci/Technical,2005,0.36854564792259925,0.18241001575932625
54,Prof/Sci/Technical,2006,0.3501175426683944,0.1818272136813214
54,Prof/Sci/Technical,2007,0.328646421108579,0.17035446368258259
54,Prof/Sci/Technical,2008,0.3265575734881108,0.16210507443143632
54,Prof/Sci/Technical,2009,0.33065340107136226,0.15556453941520643
54,Prof/Sci/Technical,2010,0.34303310343535537,0.1508675970940474
54,Prof/Sci/Technical,2011,0.3168610143658796,0.14595437378789425
54,Prof/Sci/Technical,2012,0.3309983391200805,0.14414606259771454
54,Prof/Sci/Technical,2013,0.2896695695156426,0.1425949155626893
54,Prof/Sci/Technical,2014,0.30789142271780995,0.14226962131768084
54,Prof/Sci/Technical,2015,0.30310248238974485,0.1443129298650886
54,Prof/Sci/Technical,2016,0.3196628398800716,0.13972163941544527
54,Prof/Sci/Technical,2017,0.3204408128257774,0.13414805096371668
54,Prof/Sci/Technical,2018,0.31723468665787735,0.12979087105299345
54,Prof/Sci/Technical,2019,0.3386814209694487,0.13054713328730957
54,Prof/Sci/Technical,2020,0.31205939933454485,0.1302917858337012
54,Prof/Sci/Technical,2021,0.323039768629641,0.1310593664105968
54,Prof/Sci/Technical,2022,0.28679009916075215,0.13572169584471822
54,Prof/Sci/Technical,2023,0.2915581053680721,0.12904091339486412
55,Mgmt of Companies,1978,0.04037604618538491,0.01150028804213645
55,Mgmt of Companies,1979,0.04888515659485589,0.016444627779107945
55,Mgmt of Companies,1980,0.06506142011067853,0.021210515869871507
55,Mgmt of Companies,1981,0.08742254996072955,0.02885716422769633
55,Mgmt of Companies,1982,0.09196059241361909,0.037617855187836405
55,Mgmt of Companies,1983,0.0805576447834963,0.033966151539279676
55,Mgmt of Companies,1984,0.09272055278804435,0.03697594198236047
55,Mgmt of Companies,1985,0.10167273827846737,0.0424382554142357
55,Mgmt of Companies,1986,0.11478509329627111,0.04658986595139355
55,Mgmt of Companies,1987,0.12188984428296544,0.048466155429230474
55,Mgmt of Companies,1988,0.09293948237995947,0.04364715123575846
55,Mgmt of Companies,1989,0.13405530557437376,0.05038688288768608
55,Mgmt of Companies,1990,0.11249727473203021,0.04915028994226953
55,Mgmt of Companies,1991,0.08588501608805445,0.03769191348663828
55,Mgmt of Companies,1992,0.07768223277518625,0.03405282960604567
55,Mgmt of Companies,1993,0.08008816491670379,0.03184206795101289
55,Mgmt of Companies,1994,0.07871111214457394,0.028360647878729578
55,Mgmt of Companies,1995,0.08877694559555944,0.029735266932509052
55,Mgmt of Companies,1996,0.0915020840637295,0.0295075733215523
55,Mgmt of Companies,1997,0.0654804057987359,0.028321367794003533
55,Mgmt of Companies,1998,0.07599456325401235,0.032842372036457186
55,Mgmt of Companies,1999,0.08894229065209223,0.031465520149820916
55,Mgmt of Companies,2000,0.08155474384789979,0.03355077933949653
55,Mgmt of Companies,2001,0.07771951286562569,0.030755476711261616
55,Mgmt of Companies,2002,0.056459875663474796,0.025414570813281814
55,Mgmt of Companies,2003,0.06287665220547274,0.026609032140515066
55,Mgmt of Companies,2004,0.07240063932796223,0.0271853000749446
55,Mgmt of Companies,2005,0.06245083784234739,0.02271425183494977
55,Mgmt of Companies,2006,0.05167461159100971,0.020283737956145104
55,Mgmt of Companies,2007,0.030179818133106395,0.01722111680047289
55,Mgmt of Companies,2008,0.0558790886494744,0.020698526804321448
55,Mgmt of Companies,2009,0.052607760782193695,0.019015700819356694
55,Mgmt of Companies,2010,0.062288197839048084,0.020656345544323048
55,Mgmt of Companies,2011,0.05227101705376544,0.021745674914878374
55,Mgmt of Companies,2012,0.04683967262078574,0.020602402931458492
55,Mgmt of Companies,2013,0.03353851908471434,0.018049619463154924
55,Mgmt of Companies,2014,0.0418359395176594,0.017363086343124178
55,Mgmt of Companies,2015,0.043211197501803106,0.01742076089491961
55,Mgmt of Companies,2016,0.04012581824364533,0.01481279088148524
55,Mgmt of Companies,2017,0.0429869487942621,0.015111053363482937
55,Mgmt of Companies,2018,0.028960467496566385,0.012341537746444366
55,Mgmt of Companies,2019,0.029595775952376554,0.013139574188191413
55,Mgmt of Companies,2020,0.03198351083889257,0.011155836622635362
55,Mgmt of Companies,2021,0.02702185610270455,0.01009576197125555
55,Mgmt of Companies,2022,0.032539236730474964,0.01082941599243644
55,Mgmt of Companies,2023,0.03292789603032449,0.010738642879408698
56,Admin/Support,1978,0.26736641776335984,0.11818845464141729
56,Admin/Support,1979,0.32486729857819907,0.16329549817245326
56,Admin/Support,1980,0.4190992329164245,0.21011529763564638
56,Admin/Support,1981,0.4753511643418391,0.2567161760138753
56,Admin/Support,1982,0.5034519803986831,0.2851778537673613
56,Admin/Support,1983,0.4718837903676157,0.2761416690047531
56,Admin/Support,1984,0.44217633104079745,0.27858509926404645
56,Admin/Support,1985,0.4197318011830509,0.27464566889327235
56,Admin/Support,1986,0.47048234010499784,0.27985382048960344
56,Admin/Support,1987,0.5038778713893407,0.3077319691796778
56,Admin/Support,1988,0.45389604580037296,0.3085635503518694
56,Admin/Support,1989,0.4891658071442103,0.31479220068478503
56,Admin/Support,1990,0.5021950799172444,0.3243176800577109
56,Admin/Support,1991,0.524621800920295,0.3210544952951957
56,Admin/Support,1992,0.49368454095207726,0.30686842824775173
56,Admin/Support,1993,0.4612700002295579,0.2966241150207861
56,Admin/Support,1994,0.4666396278085433,0.2907854162011558
56,Admin/Support,1995,0.44413260262558335,0.2832410660275441
56,Admin/Support,1996,0.4202183069612531,0.26694583618406187
56,Admin/Support,1997,0.3772518337408313,0.2601779525521804
56,Admin/Support,1998,0.36994506075793027,0.2479890363550161
56,Admin/Support,1999,0.3406945792103611,0.23343424302210417
56,Admin/Support,2000,0.3286222062296033,0.22250556362380278
56,Admin/Support,2001,0.3486673167719342,0.21599223618246405
56,Admin/Support,2002,0.34548123171421014,0.21033469945110336
56,Admin/Support,2003,0.35996761620280726,0.20022895649365602
56,Admin/Support,2004,0.3622910602286709,0.20501382724110245
56,Admin/Support,2005,0.3604451222271323,0.2045109294823618
56,Admin/Support,2006,0.32963400163242124,0.20209359734444368
56,Admin/Support,2007,0.31178260799275737,0.18759925286265072
56,Admin/Support,2008,0.29663437067277537,0.174014792879847
56,Admin/Support,2009,0.32518710736774203,0.16114436066010254
56,Admin/Support,2010,0.29513783386424897,0.15414223813038028
56,Admin/Support,2011,0.23891556087807278,0.13788673172614294
56,Admin/Support,2012,0.27825606777047657,0.13706881975645138
56,Admin/Support,2013,0.2731274220569747,0.1313383102449288
56,Admin/Support,2014,0.2614179375629673,0.1365892684876707
56,Admin/Support,2015,0.28522823976810363,0.13289318289497626
56,Admin/Support,2016,0.2646740351699531,0.12683200369604022
56,Admin/Support,2017,0.26183113272248504,0.12676847082424367
56,Admin/Support,2018,0.2614947294383812,0.11925866671773228
56,Admin/Support,2019,0.23461383476617495,0.11385428623509593
56,Admin/Support,2020,0.24300813238502733,0.11052127209875695
56,Admin/Support,2021,0.264042099719662,0.11209333213458472
56,Admin/Support,2022,0.2514199267697653,0.11896251566541806
56,Admin/Support,2023,0.26906086839336846,0.11235308669205013
61,Education,1978,0.09386980228254391,0.032038995024821194
61,Education,1979,0.15847644536961317,0.047549310410047195
61,Education,1980,0.2015117818877632,0.05726726393127318
61,Education,1981,0.2018702035468963,0.064842885594158
61,Education,1982,0.20369052883906655,0.06978203600852392
61,Education,1983,0.23506435415892296,0.06584068275775783
61,Education,1984,0.23005027953463905,0.06567043024593738
61,Education,1985,0.2120127823073897,0.06669302167247058
61,Education,1986,0.2025655289406866,0.06484624074306515
61,Education,1987,0.22472736316793995,0.06541835370009409
61,Education,1988,0.24180838525004208,0.07608198138636017
61,Education,1989,0.24736569355674556,0.0808191364668206
61,Education,1990,0.32120302751160956,0.09717983597132789
61,Education,1991,0.2537531350314648,0.09417075270974673
61,Education,1992,0.24879158231486342,0.0838596169872776
61,Education,1993,0.2754473278824505,0.07806902856961535
61,Education,1994,0.24973861465768574,0.07043821757882034
61,Education,1995,0.2749740143097898,0.07144375650854987
61,Education,1996,0.30132645620657117,0.07364878889290111
61,Education,1997,0.25540689716077186,0.07448928307464893
61,Education,1998,0.27258313002897344,0.0773996048510655
61,Education,1999,0.2770650722702734,0.07807162259681266
61,Education,2000,0.28862518067764076,0.08314782149359042
61,Education,2001,0.2988991221162056,0.08531569397216425
61,Education,2002,0.2819408366000724,0.08648970642722346
61,Education,2003,0.25516587613998876,0.0879804313047378
61,Education,2004,0.2546656538074609,0.08586531727923735
61,Education,2005,0.29490241514470883,0.08889766108671561
61,Education,2006,0.29090037855191914,0.09478475307281091
61,Education,2007,0.29126475146858677,0.09113144214180811
61,Education,2008,0.28854633258678614,0.0849499757836187
61,Education,2009,0.2882471921315585,0.08272018634524245
61,Education,2010,0.31064898252595213,0.0830035627776864
61,Education,2011,0.2663329836303855,0.07955109185572952
61,Education,2012,0.2747751616895243,0.07774249268239801
61,Education,2013,0.28280220200853246,0.07436854501593965
61,Education,2014,0.2697090307574327,0.07635852969384448
61,Education,2015,0.2621110316578957,0.07472749342348779
61,Education,2016,0.30617062081729546,0.07676872579591636
61,Education,2017,0.2852192885019016,0.07500625549134546
61,Education,2018,0.28695900100808847,0.07504071821918495
61,Education,2019,0.30850672595811585,0.07460659354062658
61,Education,2020,0.3156793447974603,0.0778814001533481
61,Education,2021,0.34591771574530195,0.07705124394636083
61,Education,2022,0.22120250968664731,0.07685196966886788
61,Education,2023,0.24109037127702979,0.0787491722696795
62,Healthcare,1978,0.2235539420687037,0.059457017458811885
62,Healthcare,1979,0.297078316150101,0.0859729053991518
62,Healthcare,1980,0.33501785576975196,0.10586546279058517
62,Healthcare,1981,0.3815270223573163,0.13448085692044326
62,Healthcare,1982,0.4081545966586698,0.15918165405915546
62,Healthcare,1983,0.4236730508675773,0.1613652768697927
62,Healthcare,1984,0.4339661382179647,0.1630256862744075
62,Healthcare,1985,0.4635512461738064,0.17705927549858042
62,Healthcare,1986,0.34354128441643655,0.17813770525357225
62,Healthcare,1987,0.5177019476062283,0.20253562322809673
62,Healthcare,1988,0.3942046334297432,0.20688549045938334
62,Healthcare,1989,0.3795945479182719,0.2002599509921473
62,Healthcare,1990,0.3667457323651611,0.19415676458503472
62,Healthcare,1991,0.3531661715031802,0.18254975034656956
62,Healthcare,1992,0.36016545932131017,0.17066637708845359
62,Healthcare,1993,0.30719400484949594,0.12915046318873846
62,Healthcare,1994,0.32475173307240646,0.12038471257649226
62,Healthcare,1995,0.3262463506797969,0.11788866632629806
62,Healthcare,1996,0.3362662340947184,0.12008096016366279
62,Healthcare,1997,0.29533101595828726,0.12354689725888711
62,Healthcare,1998,0.3211291417238675,0.11916045481857258
62,Healthcare,1999,0.29911637537262836,0.11619058590470413
62,Healthcare,2000,0.31106743903479483,0.11766391054934287
62,Healthcare,2001,0.29583111493139524,0.1155987045587391
62,Healthcare,2002,0.3002479448013289,0.11944028389904965
62,Healthcare,2003,0.281214026274362,0.11773997786858204
62,Healthcare,2004,0.32330650790465043,0.11647870915599617
62,Healthcare,2005,0.3275550957198247,0.11553376377628305
62,Healthcare,2006,0.3016789991889847,0.11433330725042846
62,Healthcare,2007,0.2786500909089543,0.11070004950885709
62,Healthcare,2008,0.2705315892897353,0.10273122116036662
62,Healthcare,2009,0.2875474004819944,0.10123717811353726
62,Healthcare,2010,0.31660973264517006,0.0996723525181686
62,Healthcare,2011,0.2837472371683128,0.09468330353022052
62,Healthcare,2012,0.26493413747125866,0.09243054742139833
62,Healthcare,2013,0.26301079560367097,0.0903427573881652
62,Healthcare,2014,0.2851031349227426,0.09079217934899994
62,Healthcare,2015,0.24932161880284576,0.09078770297920051
62,Healthcare,2016,0.27330498040113216,0.08970776478476235
62,Healthcare,2017,0.2414333348405908,0.08973255987892927
62,Healthcare,2018,0.27538702903797546,0.09091084939424583
62,Healthcare,2019,0.2942817498682186,0.09362649420416937
62,Healthcare,2020,0.2891547396512902,0.09465299668773296
62,Healthcare,2021,0.3114106035008377,0.09813990611598869
62,Healthcare,2022,0.27834010705388734,0.10047065609135869
62,Healthcare,2023,0.25450556183738093,0.10124654217504288
71,Arts/Entertainment,1978,0.32804003771324886,0.11774513804717907
71,Arts/Entertainment,1979,0.3421995208918782,0.15412424085069876
71,Arts/Entertainment,1980,0.44743868363862155,0.1905338883646517
71,Arts/Entertainment,1981,0.5043923721429928,0.23328804528804528
71,Arts/Entertainment,1982,0.47727286595597973,0.2601637797931147
71,Arts/Entertainment,1983,0.5187052606752889,0.2597052590795989
71,Arts/Entertainment,1984,0.5228306811095457,0.2619174760604895
71,Arts/Entertainment,1985,0.4541285739241833,0.25732126722187587
71,Arts/Entertainment,1986,0.5049708990694556,0.2574943979811666
71,Arts/Entertainment,1987,0.5060797389007832,0.2686789076186724
71,Arts/Entertainment,1988,0.4768040808174949,0.2714112124378582
71,Arts/Entertainment,1989,0.49333636093692684,0.26914584522022433
71,Arts/Entertainment,1990,0.47385498923187364,0.2636748607474829
71,Arts/Entertainment,1991,0.5096620510687189,0.2466150369820373
71,Arts/Entertainment,1992,0.472031911456478,0.24707756917211376
71,Arts/Entertainment,1993,0.5018784125173172,0.25486860691841834
71,Arts/Entertainment,1994,0.4906239426808638,0.2504786373884065
71,Arts/Entertainment,1995,0.5262954674104148,0.2597163093031972
71,Arts/Entertainment,1996,0.47556875278615196,0.262023558458927
71,Arts/Entertainment,1997,0.4657534246575342,0.24088997781677318
71,Arts/Entertainment,1998,0.42595849577789824,0.2342346187634618
71,Arts/Entertainment,1999,0.40359651954401526,0.21145302243188696
71,Arts/Entertainment,2000,0.4471455766832236,0.2171289972583292
71,Arts/Entertainment,2001,0.398879641964406,0.1940727838914839
71,Arts/Entertainment,2002,0.374739577570318,0.17810729766123037
71,Arts/Entertainment,2003,0.3524889672103987,0.17510013896836427
71,Arts/Entertainment,2004,0.41868018857358136,0.17830130665861602
71,Arts/Entertainment,2005,0.3975026692013229,0.18020148578464387
71,Arts/Entertainment,2006,0.42932925762462326,0.18574095463485357
71,Arts/Entertainment,2007,0.370138452468108,0.17607499661234094
71,Arts/Entertainment,2008,0.36813797662329856,0.165249514593701
71,Arts/Entertainment,2009,0.3752955610988779,0.1540532648171551
71,Arts/Entertainment,2010,0.3883524878844188,0.14799585238006333
71,Arts/Entertainment,2011,0.3715275283902735,0.14346954855110527
71,Arts/Entertainment,2012,0.36872309899569583,0.14635456147527476
71,Arts/Entertainment,2013,0.37054654887874966,0.14942060249387798
71,Arts/Entertainment,2014,0.3710813575785967,0.1493603098438591
71,Arts/Entertainment,2015,0.380838026691071,0.1508698198476952
71,Arts/Entertainment,2016,0.3629955545720218,0.14482583366631355
71,Arts/Entertainment,2017,0.3811700126815701,0.14830688960877275
71,Arts/Entertainment,2018,0.3858106081435749,0.1507922863944224
71,Arts/Entertainment,2019,0.4217554904416009,0.1577559310155912
71,Arts/Entertainment,2020,0.40904145794277635,0.16160886164000193
71,Arts/Entertainment,2021,0.48678557217188073,0.1744651388064518
71,Arts/Entertainment,2022,0.2640412775464935,0.17255254448377552
71,Arts/Entertainment,2023,0.33188014702461266,0.16523725068172926
72,Accomm/Food Svc,1978,0.40191506940398486,0.17360963562177498
72,Accomm/Food Svc,1979,0.4542167896414114,0.22322131525636943
72,Accomm/Food Svc,1980,0.48267807741272095,0.26133832425391584
72,Accomm/Food Svc,1981,0.5437267262771281,0.29956698290678135
72,Accomm/Food Svc,1982,0.5501419501022531,0.33539481586749914
72,Accomm/Food Svc,1983,0.5364271237545499,0.32343529428272233
72,Accomm/Food Svc,1984,0.52110712471834,0.3102625358090518
72,Accomm/Food Svc,1985,0.5273548619799309,0.31090789570402716
72,Accomm/Food Svc,1986,0.5182807303041983,0.3093046857742415
72,Accomm/Food Svc,1987,0.5251397386405564,0.31438526420497653
72,Accomm/Food Svc,1988,0.48939301987949585,0.31206542364868484
72,Accomm/Food Svc,1989,0.5173560560399789,0.30851223373652636
72,Accomm/Food Svc,1990,0.5188536935334594,0.30347706273301994
72,Accomm/Food Svc,1991,0.5360824323005347,0.29680103602910574
72,Accomm/Food Svc,1992,0.49676670411250246,0.2818357592401159
72,Accomm/Food Svc,1993,0.49903030978266505,0.2731200768776519
72,Accomm/Food Svc,1994,0.5070672993934181,0.2685331639556316
72,Accomm/Food Svc,1995,0.4769893146147745,0.26240239471875754
72,Accomm/Food Svc,1996,0.4882133150197007,0.2592736738097832
72,Accomm/Food Svc,1997,0.48870149083752207,0.27940502857331057
72,Accomm/Food Svc,1998,0.48644923303856363,0.28004540891021895
72,Accomm/Food Svc,1999,0.46763236231881516,0.26295069388414083
72,Accomm/Food Svc,2000,0.4352424392269188,0.24524721247156678
72,Accomm/Food Svc,2001,0.42658142337232374,0.22385553084696747
72,Accomm/Food Svc,2002,0.42962721230629924,0.22063768648804896
72,Accomm/Food Svc,2003,0.4182361695042251,0.21733862300562798
72,Accomm/Food Svc,2004,0.461936402493255,0.22194856477850158
72,Accomm/Food Svc,2005,0.4753200163564482,0.2251508325842619
72,Accomm/Food Svc,2006,0.48163402768871394,0.23297529181579224
72,Accomm/Food Svc,2007,0.45849418111271645,0.2339727470843212
72,Accomm/Food Svc,2008,0.4484954729655638,0.2284984465713466
72,Accomm/Food Svc,2009,0.5007958138013736,0.22503566745445777
72,Accomm/Food Svc,2010,0.5182755363936631,0.2219303287023508
72,Accomm/Food Svc,2011,0.5042523634286769,0.21732250065680783
72,Accomm/Food Svc,2012,0.46469367297471736,0.21519703174665844
72,Accomm/Food Svc,2013,0.447820567604381,0.2135397046948022
72,Accomm/Food Svc,2014,0.47917401615967564,0.2122629713463392
72,Accomm/Food Svc,2015,0.46728407274127226,0.21476301433884487
72,Accomm/Food Svc,2016,0.4654436572686733,0.21587105859342595
72,Accomm/Food Svc,2017,0.4526030336442471,0.21824001541373572
72,Accomm/Food Svc,2018,0.4746230893990221,0.21884232426601685
72,Accomm/Food Svc,2019,0.5025109494696224,0.2184303487043847
72,Accomm/Food Svc,2020,0.4677604311373756,0.21185892912674079
72,Accomm/Food Svc,2021,0.4836001617075263,0.2089442344965703
72,Accomm/Food Svc,2022,0.37699282662095374,0.21608263159233723
72,Accomm/Food Svc,2023,0.4126141585713455,0.21023704456585038
81,Other Services,1978,0.2837592217797219,0.10036494447465723
81,Other Services,1979,0.3695473831849898,0.14132058568865144
81,Other Services,1980,0.4082783433082681,0.1688360808396946
81,Other Services,1981,0.44184758403446406,0.19881885941920782
81,Other Services,1982,0.4672245575513259,0.22630726440359886
81,Other Services,1983,0.4604578547367479,0.2174556152846241
81,Other Services,1984,0.5129965894331916,0.24026868591044978
81,Other Services,1985,0.4781180398698566,0.2429128370593009
81,Other Services,1986,0.4762302779989165,0.24495528770664332
81,Other Services,1987,0.4708262459020874,0.24652068461509147
81,Other Services,1988,0.4606384296319513,0.24746802543113544
81,Other Services,1989,0.4688328269937657,0.24773950689398222
81,Other Services,1990,0.45697393493083177,0.22305958296817946
81,Other Services,1991,0.421643029254768,0.2080221617118761
81,Other Services,1992,0.40707540525205077,0.19380020766818143
81,Other Services,1993,0.4049633352427494,0.18902964893118718
81,Other Services,1994,0.3967990986669997,0.1820159489916324
81,Other Services,1995,0.39706983728831724,0.17767030189117902
81,Other Services,1996,0.39114872126471667,0.17282169890832957
81,Other Services,1997,0.37391830597513115,0.17219289045734645
81,Other Services,1998,0.3696024529097287,0.16904000607790712
81,Other Services,1999,0.37074795944126554,0.16711310410757507
81,Other Services,2000,0.3564181660001793,0.1606442000446146
81,Other Services,2001,0.3422677955913451,0.15077836346477203
81,Other Services,2002,0.34026297405369005,0.14981910960102404
81,Other Services,2003,0.3414431596738672,0.14819330147498408
81,Other Services,2004,0.37035892808899584,0.14827278578304648
81,Other Services,2005,0.39172120514596154,0.1498127305849223
81,Other Services,2006,0.38528214440660175,0.15236289705105915
81,Other Services,2007,0.36709641963203016,0.15597209455665045
81,Other Services,2008,0.34915389790918205,0.15220527842953677
81,Other Services,2009,0.3740897777849841,0.14680570195127549
81,Other Services,2010,0.3727397742172759,0.14290960843675132
81,Other Services,2011,0.35741774009917293,0.13766695338354223
81,Other Services,2012,0.3544488785642814,0.13783305668353368
81,Other Services,2013,0.35276146035172057,0.13618495554128782
81,Other Services,2014,0.3723322297553932,0.13598949526048948
81,Other Services,2015,0.36305665260472275,0.13662849611634656
81,Other Services,2016,0.3727729717091419,0.1396497431463081
81,Other Services,2017,0.3663571372231265,0.14175596387400147
81,Other Services,2018,0.3838818803397217,0.1440948804380198
81,Other Services,2019,0.4096021207894392,0.14506909872755638
81,Other Services,2020,0.40567135105861046,0.14864236261744024
81,Other Services,2021,0.4514674689445047,0.153912955934005
81,Other Services,2022,0.3426607864755605,0.15783026932986088
81,Other Services,2023,0.35439152063713386,0.1560320290621165
