sector,sector_name,year,startup_rate,startup_emp_share,new_firms,new_firm_emp
11,Agriculture,1978,0.1606915466745029,0.08109010430409193,3281.0,15059.0
11,Agriculture,1979,0.14289989525662128,0.08138339942214881,2865.0,15126.0
11,Agriculture,1980,0.13094165916141298,0.0662932288991611,2617.0,12391.0
11,Agriculture,1981,0.10598165902459358,0.05973962226263122,2034.0,10710.0
11,Agriculture,1982,0.10504037872458925,0.062090620964901984,1886.0,10579.0
11,Agriculture,1983,0.11150881057268723,0.06269930650228202,2025.0,10578.0
11,Agriculture,1984,0.12766518893814652,0.06797338809402576,2419.0,12148.0
11,Agriculture,1985,0.11995362074417625,0.07114889493580318,2276.0,12629.0
11,Agriculture,1986,0.1150237273511648,0.06623137548179256,2133.0,11513.0
11,Agriculture,1987,0.12214487709375679,0.0710295805325901,2246.0,12131.0
11,Agriculture,1988,0.12875079804213663,0.07707313791769672,2420.0,13749.0
11,Agriculture,1989,0.1205424935853799,0.07597277456583007,2302.0,13640.0
11,Agriculture,1990,0.12779973649538867,0.07494985173556602,2522.0,13750.0
11,Agriculture,1991,0.11117725852061319,0.06355004049331181,2241.0,11692.0
11,Agriculture,1992,0.1103720128110372,0.059309063374344155,2240.0,11044.0
11,Agriculture,1993,0.11109505227152286,0.055036613729204105,2306.0,10199.0
11,Agriculture,1994,0.1239306250292179,0.06060364482852086,2651.0,11403.0
11,Agriculture,1995,0.12015875188175722,0.05534538246765702,2634.0,10387.0
11,Agriculture,1996,0.11383736223865028,0.05545738680081294,2510.0,10451.0
11,Agriculture,1997,0.10196131720795398,0.06327114745719396,2251.0,12379.0
11,Agriculture,1998,0.10511350814640971,0.05494488352745424,2329.0,10567.0
11,Agriculture,1999,0.09935999273750624,0.04294923321827667,2189.0,8175.0
11,Agriculture,2000,0.09248014946286783,0.04688240934908374,1980.0,8898.0
11,Agriculture,2001,0.08541771457314006,0.03952316053923581,1868.0,7221.0
11,Agriculture,2002,0.07809878844361604,0.03800230316988908,1676.0,6897.0
11,Agriculture,2003,0.0780626232504449,0.03325370229654452,1623.0,6083.0
11,Agriculture,2004,0.09093578700078309,0.04328281459937962,1858.0,7828.0
11,Agriculture,2005,0.0946164691138844,0.040866349836091116,1812.0,6819.0
11,Agriculture,2006,0.09878755930416447,0.05087235884368256,1874.0,8345.0
11,Agriculture,2007,0.08554401139180423,0.04362733717877743,1622.0,7329.0
11,Agriculture,2008,0.07834101382488479,0.03340822866403919,1428.0,5442.0
11,Agriculture,2009,0.06793836283439308,0.03152911514631333,1186.0,4702.0
11,Agriculture,2010,0.06695677400638236,0.03331613620128582,1154.0,5037.0
11,Agriculture,2011,0.0735508726869418,0.030585843049590385,1260.0,4693.0
11,Agriculture,2012,0.07293765471187612,0.030398168692571823,1267.0,4754.0
11,Agriculture,2013,0.07585014409221902,0.03307199323335177,1316.0,5083.0
11,Agriculture,2014,0.08056302569090805,0.03563528964151905,1408.0,5526.0
11,Agriculture,2015,0.08788919542818535,0.039936908517350156,1561.0,6330.0
11,Agriculture,2016,0.0886759198061247,0.04006192299737391,1610.0,6392.0
11,Agriculture,2017,0.08247591943957969,0.03704024875190466,1507.0,5980.0
11,Agriculture,2018,0.08252877325042274,0.04284276993537476,1513.0,6941.0
11,Agriculture,2019,0.08413643746616134,0.03416099856164217,1554.0,5605.0
11,Agriculture,2020,0.07985169608765426,0.039307429080040174,1443.0,6536.0
11,Agriculture,2021,0.08250753985351142,0.03957119524146169,1532.0,6493.0
11,Agriculture,2022,0.0833512237011593,0.039887513525725636,1553.0,6709.0
11,Agriculture,2023,0.07692730671945452,0.029644791535457866,1399.0,4707.0
21,Mining/Oil/Gas,1978,0.14436546100773573,0.03256317719959486,2762.0,23180.0
21,Mining/Oil/Gas,1979,0.14974580963406653,0.03144319310104284,2975.0,25873.0
21,Mining/Oil/Gas,1980,0.15821885362387494,0.03601523088466794,3340.0,30863.0
21,Mining/Oil/Gas,1981,0.1974279490616622,0.04793511784957489,4713.0,45989.0
21,Mining/Oil/Gas,1982,0.1993389560063825,0.052380301616625,5247.0,53277.0
21,Mining/Oil/Gas,1983,0.12426244984658957,0.027897085509721944,3159.0,21999.0
21,Mining/Oil/Gas,1984,0.11921968171227737,0.029677583649990763,3019.0,23774.0
21,Mining/Oil/Gas,1985,0.12186607426213901,0.030455895031721615,3072.0,23244.0
21,Mining/Oil/Gas,1986,0.10237033366369343,0.0292836878193141,2479.0,20107.0
21,Mining/Oil/Gas,1987,0.0891725637112067,0.02506808883239526,1928.0,14515.0
21,Mining/Oil/Gas,1988,0.0987811191114876,0.026604780868223384,2099.0,15379.0
21,Mining/Oil/Gas,1989,0.08951082988561694,0.03050806942182374,1839.0,17102.0
21,Mining/Oil/Gas,1990,0.09491092898856554,0.03088763721002187,1934.0,17570.0
21,Mining/Oil/Gas,1991,0.09137971978152458,0.029336665399032978,1924.0,16740.0
21,Mining/Oil/Gas,1992,0.07840177133655395,0.024548639696731826,1558.0,12822.0
21,Mining/Oil/Gas,1993,0.07782383419689119,0.02197408651766104,1502.0,10615.0
21,Mining/Oil/Gas,1994,0.0741325751592692,0.02332823816802617,1408.0,11431.0
21,Mining/Oil/Gas,1995,0.07796464456504218,0.024659629673795494,1451.0,11994.0
21,Mining/Oil/Gas,1996,0.07413196382717428,0.01767056259481635,1328.0,8270.0
21,Mining/Oil/Gas,1997,0.08117600407862686,0.02491989292752672,1433.0,12000.0
21,Mining/Oil/Gas,1998,0.0757072500286336,0.019578877922950683,1322.0,9556.0
21,Mining/Oil/Gas,1999,0.06342379452386722,0.019914581073722203,1047.0,8850.0
21,Mining/Oil/Gas,2000,0.07233938205002452,0.018321652215264415,1180.0,8245.0
21,Mining/Oil/Gas,2001,0.08194269992224415,0.018596494147898195,1370.0,8939.0
21,Mining/Oil/Gas,2002,0.08118680789600385,0.023791746288867235,1349.0,11280.0
21,Mining/Oil/Gas,2003,0.0648575472278629,0.012765508742099817,1054.0,5811.0
21,Mining/Oil/Gas,2004,0.07551529154253055,0.018062175565890275,1242.0,8424.0
21,Mining/Oil/Gas,2005,0.08450035604082601,0.01955890499351689,1424.0,9639.0
21,Mining/Oil/Gas,2006,0.10825264580049539,0.030804365480942352,1923.0,16955.0
21,Mining/Oil/Gas,2007,0.11664234365709962,0.028464309176992955,2158.0,20104.0
21,Mining/Oil/Gas,2008,0.09035720093229985,0.016037790585231887,1667.0,9951.0
21,Mining/Oil/Gas,2009,0.08791621911922663,0.01991395226383529,1637.0,11951.0
21,Mining/Oil/Gas,2010,0.06974588286617951,0.02430593507487157,1279.0,14232.0
21,Mining/Oil/Gas,2011,0.08711676102980451,0.02000413889386517,1631.0,12953.0
21,Mining/Oil/Gas,2012,0.09597539092540375,0.024758049474651322,1872.0,17920.0
21,Mining/Oil/Gas,2013,0.0849308047155305,0.018949070420366334,1657.0,13782.0
21,Mining/Oil/Gas,2014,0.08682272222782766,0.022674335757558,1721.0,17026.0
21,Mining/Oil/Gas,2015,0.08377362324730746,0.017825355409788097,1649.0,13158.0
21,Mining/Oil/Gas,2016,0.05963175168270568,0.013296315183107636,1072.0,7744.0
21,Mining/Oil/Gas,2017,0.06377995315596661,0.01566575997046562,1062.0,8996.0
21,Mining/Oil/Gas,2018,0.07100840336134454,0.01603214372002661,1183.0,9688.0
21,Mining/Oil/Gas,2019,0.07980456026058631,0.019556977209116352,1323.0,12228.0
21,Mining/Oil/Gas,2020,0.06281674278921354,0.015671272163013096,1004.0,9049.0
21,Mining/Oil/Gas,2021,0.05213903743315508,0.011630272616302726,780.0,5488.0
21,Mining/Oil/Gas,2022,0.06765578635014836,0.01511118179739764,1026.0,7601.0
21,Mining/Oil/Gas,2023,0.07244033374296617,0.009642086318290789,1120.0,5486.0
22,Utilities,1978,0.07623397154400141,0.002087746161694648,434.0,1373.0
22,Utilities,1979,0.07353433835845896,0.0029783476759663156,439.0,2034.0
22,Utilities,1980,0.05790794979079498,0.001609197714364532,346.0,1120.0
22,Utilities,1981,0.057396251673360106,0.0016401995992473399,343.0,1182.0
22,Utilities,1982,0.05213994565217391,0.0019388411829752814,307.0,1443.0
22,Utilities,1983,0.05572156793812621,0.0017438186428611424,317.0,1308.0
22,Utilities,1984,0.07399025069637884,0.002337032643068853,425.0,1767.0
22,Utilities,1985,0.07267693372555806,0.0022503092702531105,420.0,1719.0
22,Utilities,1986,0.07487352445193929,0.003080940960483021,444.0,2383.0
22,Utilities,1987,0.06695205479452054,0.005776011771840423,391.0,4467.0
22,Utilities,1988,0.07468605419695969,0.0044475573454736475,452.0,3429.0
22,Utilities,1989,0.07792207792207792,0.003835892772686771,492.0,2936.0
22,Utilities,1990,0.07547169811320754,0.0033938037293157848,484.0,2632.0
22,Utilities,1991,0.05358792731752387,0.003712968888371762,348.0,2872.0
22,Utilities,1992,0.05672268907563025,0.001830989925026462,324.0,1415.0
22,Utilities,1993,0.06214782896917468,0.0020090056146766753,375.0,1525.0
22,Utilities,1994,0.061802432117274694,0.0027478942033738636,371.0,2036.0
22,Utilities,1995,0.060714868614330016,0.003519759469234695,372.0,2538.0
22,Utilities,1996,0.0556720994029369,0.0029163025501397484,345.0,2019.0
22,Utilities,1997,0.05320533680442564,0.0034683696915160356,327.0,2382.0
22,Utilities,1998,0.05358588311478064,0.008516151976073737,331.0,5843.0
22,Utilities,1999,0.04869339392955689,0.0030487343591605767,300.0,2015.0
22,Utilities,2000,0.08437695679398872,0.005195099055464333,539.0,3398.0
22,Utilities,2001,0.05902192242833052,0.005626820104054067,385.0,3675.0
22,Utilities,2002,0.05319148936170213,0.008538216078859455,345.0,5702.0
22,Utilities,2003,0.050270688321732405,0.002649283910156291,325.0,1759.0
22,Utilities,2004,0.05047420028934255,0.0038779632593947708,314.0,2442.0
22,Utilities,2005,0.04054714215925745,0.003221723803940963,249.0,2039.0
22,Utilities,2006,0.04378109452736319,0.002654654208265136,264.0,1643.0
22,Utilities,2007,0.046823356591994124,0.0033518929749716026,255.0,2163.0
22,Utilities,2008,0.04252172305416898,0.005291021924888238,230.0,3366.0
22,Utilities,2009,0.039303761931499155,0.0017407277545232547,210.0,1122.0
22,Utilities,2010,0.04568997410284869,0.007018273464078447,247.0,4489.0
22,Utilities,2011,0.04512801620924664,0.003834937322207915,245.0,2463.0
22,Utilities,2012,0.04577785883640343,0.002247313417737279,251.0,1444.0
22,Utilities,2013,0.04100889130829251,0.002442173329831784,226.0,1553.0
22,Utilities,2014,0.045389048991354465,0.0032523963574421417,252.0,2064.0
22,Utilities,2015,0.038815670698682074,0.0019990979870128855,215.0,1281.0
22,Utilities,2016,0.03871901574090827,0.00214220025200519,214.0,1372.0
22,Utilities,2017,0.04323342415985468,0.0019192697473168205,238.0,1238.0
22,Utilities,2018,0.0446927374301676,0.0018471745185753106,248.0,1195.0
22,Utilities,2019,0.0483956745257933,0.0024091125266054903,273.0,1545.0
22,Utilities,2020,0.052539096819539624,0.0033712719246569425,299.0,2146.0
22,Utilities,2021,0.05909322465613857,0.003858465895501466,348.0,2436.0
22,Utilities,2022,0.06434095770939609,0.004093338628352976,391.0,2649.0
22,Utilities,2023,0.07224090981899728,0.0050149329528553985,451.0,3318.0
23,Construction,1978,0.19169181491824766,0.08444205840859442,81751.0,345722.0
23,Construction,1979,0.16660495369296383,0.07155324043936917,74691.0,327559.0
23,Construction,1980,0.13756958952127865,0.05972130524830649,60517.0,264133.0
23,Construction,1981,0.11742705066058359,0.05399339754713186,49418.0,230597.0
23,Construction,1982,0.10840304162960601,0.04966863154095011,42169.0,193185.0
23,Construction,1983,0.11544951636496384,0.05552872079347976,45224.0,210722.0
23,Construction,1984,0.14259600403479777,0.06814696504246551,60222.0,292267.0
23,Construction,1985,0.14794411195648743,0.0683033959334599,65607.0,317792.0
23,Construction,1986,0.1461746213512521,0.06679069655400699,67654.0,321631.0
23,Construction,1987,0.14851326176679464,0.06727823819715006,72147.0,334104.0
23,Construction,1988,0.13542181208933227,0.06000753297746056,67168.0,304619.0
23,Construction,1989,0.1273636988976178,0.057433527761302276,64249.0,299021.0
23,Construction,1990,0.12521400445129258,0.05593202257700274,64361.0,297802.0
23,Construction,1991,0.10954957143080997,0.048557304992607304,55929.0,230908.0
23,Construction,1992,0.10964228767411775,0.049735082104248735,54666.0,224187.0
23,Construction,1993,0.11723143074006812,0.05327839479329675,59000.0,242342.0
23,Construction,1994,0.12365755776948356,0.055598679441434186,64307.0,264302.0
23,Construction,1995,0.12715529573767828,0.05531986736045575,68886.0,281138.0
23,Construction,1996,0.11660061185081255,0.05129291405963694,64489.0,267332.0
23,Construction,1997,0.11595489220331134,0.049272695505323,66106.0,271574.0
23,Construction,1998,0.10823814982597646,0.04652405295773457,62695.0,268463.0
23,Construction,1999,0.1060781055816718,0.042660239675640026,62822.0,263011.0
23,Construction,2000,0.10204812672961162,0.038677220993679436,61250.0,254586.0
23,Construction,2001,0.096331349857096,0.03638301964943935,57568.0,236813.0
23,Construction,2002,0.10064137531467371,0.04124716870210923,59408.0,263249.0
23,Construction,2003,0.10449458686027861,0.04120901983962611,62477.0,261946.0
23,Construction,2004,0.11855794705962396,0.04371042303710303,74059.0,290468.0
23,Construction,2005,0.11959807711368818,0.04590773543124522,77224.0,311573.0
23,Construction,2006,0.12416400331439394,0.04617531051942469,83915.0,339832.0
23,Construction,2007,0.10845146423987866,0.038926245691672114,74363.0,284753.0
23,Construction,2008,0.09370996611031863,0.03222079473733588,61884.0,225642.0
23,Construction,2009,0.07211066025816716,0.027656641062062403,43149.0,164351.0
23,Construction,2010,0.0700160724278305,0.029338738367503683,39163.0,156921.0
23,Construction,2011,0.07546731041814315,0.028279654207763297,40890.0,146135.0
23,Construction,2012,0.07716594590632558,0.029538611351989423,42111.0,156522.0
23,Construction,2013,0.07733482917851335,0.028006644152815514,42187.0,152760.0
23,Construction,2014,0.08095920332573925,0.0294588532164552,44811.0,167736.0
23,Construction,2015,0.08421024795719587,0.028732770633747025,47767.0,172601.0
23,Construction,2016,0.08964923805418129,0.02894105692634702,52405.0,182682.0
23,Construction,2017,0.09131334161207938,0.028740072247489756,54561.0,187714.0
23,Construction,2018,0.0924126947271,0.0297725622127226,56516.0,202552.0
23,Construction,2019,0.09390061863899421,0.029481252991241786,58817.0,207589.0
23,Construction,2020,0.09106272250712971,0.027423704264992122,57603.0,196954.0
23,Construction,2021,0.09389761629722376,0.02768818723231136,61045.0,196008.0
23,Construction,2022,0.0987730225744791,0.028969237363615216,66349.0,213433.0
23,Construction,2023,0.09611305872042068,0.027562314956049088,65799.0,209880.0
31-33,Manufacturing,1978,0.10453691498871263,0.013647879397456493,27599.0,250147.0
31-33,Manufacturing,1979,0.09332899322176694,0.01152520808430004,24371.0,220340.0
31-33,Manufacturing,1980,0.09599409545184102,0.011581255702351039,25492.0,216894.0
31-33,Manufacturing,1981,0.09538347910024278,0.014498053718266993,26087.0,263553.0
31-33,Manufacturing,1982,0.08863700930222394,0.01220301678194545,24336.0,211572.0
31-33,Manufacturing,1983,0.08510731095643957,0.01248446952568613,23416.0,202153.0
31-33,Manufacturing,1984,0.09583715359957924,0.014185608282644434,26968.0,246052.0
31-33,Manufacturing,1985,0.09614656912209889,0.01400419015809608,27441.0,241879.0
31-33,Manufacturing,1986,0.0936066085991834,0.015026873403270915,26663.0,252651.0
31-33,Manufacturing,1987,0.09398623688082565,0.014893805547919583,26892.0,246248.0
31-33,Manufacturing,1988,0.09309041826111086,0.01721259984056679,27173.0,293784.0
31-33,Manufacturing,1989,0.0919248091253825,0.014446281856191099,27126.0,250257.0
31-33,Manufacturing,1990,0.0877837946924086,0.013525851855739868,26099.0,230893.0
31-33,Manufacturing,1991,0.07675540395987648,0.011604347826627424,22818.0,186704.0
31-33,Manufacturing,1992,0.07417818353642343,0.011825768229724198,21507.0,187529.0
31-33,Manufacturing,1993,0.07936638270211092,0.012428872768172087,23198.0,197318.0
31-33,Manufacturing,1994,0.07886172502797058,0.013650587466806228,23190.0,219278.0
31-33,Manufacturing,1995,0.07923515757702901,0.012532489190329166,23417.0,206175.0
31-33,Manufacturing,1996,0.07506959060357118,0.012237448359513896,22114.0,197734.0
31-33,Manufacturing,1997,0.07458852825297198,0.012469436858785252,21866.0,203500.0
31-33,Manufacturing,1998,0.07142857142857142,0.01264464031020437,21072.0,210953.0
31-33,Manufacturing,1999,0.06105433398713052,0.00976285226119589,17743.0,160158.0
31-33,Manufacturing,2000,0.060298221442009775,0.009833026318668631,17243.0,160876.0
31-33,Manufacturing,2001,0.05923203187474572,0.009488428993111668,16888.0,150251.0
31-33,Manufacturing,2002,0.05807059521036695,0.015442761428650361,16455.0,224992.0
31-33,Manufacturing,2003,0.05359625837441537,0.009981539676645038,14840.0,140734.0
31-33,Manufacturing,2004,0.05666887419641648,0.010310493217536446,15488.0,141828.0
31-33,Manufacturing,2005,0.05530184896413455,0.009463891030733751,14895.0,129415.0
31-33,Manufacturing,2006,0.059221765264156914,0.010379705286241592,15912.0,141542.0
31-33,Manufacturing,2007,0.05697529055209535,0.00934782953572302,15359.0,124918.0
31-33,Manufacturing,2008,0.05308594996213912,0.00924688759488663,13811.0,119671.0
31-33,Manufacturing,2009,0.04527617266486041,0.009203910477072193,11330.0,106613.0
31-33,Manufacturing,2010,0.04312869433387044,0.008695917512452635,10412.0,94329.0
31-33,Manufacturing,2011,0.04876360952205204,0.008310510510235859,11627.0,90866.0
31-33,Manufacturing,2012,0.050754423780640635,0.008936744297698028,12150.0,99847.0
31-33,Manufacturing,2013,0.04860729299713254,0.0076990185677925085,11493.0,86617.0
31-33,Manufacturing,2014,0.050715507921238794,0.008723949909181454,11915.0,99109.0
31-33,Manufacturing,2015,0.05307447230479863,0.008281644538091666,12444.0,95580.0
31-33,Manufacturing,2016,0.05359802763367404,0.00783891248843753,12522.0,90474.0
31-33,Manufacturing,2017,0.052957736733537736,0.008311758406943794,12246.0,97080.0
31-33,Manufacturing,2018,0.051268190180572146,0.008600238623725642,11760.0,101960.0
31-33,Manufacturing,2019,0.05085714536956837,0.008130245893702691,11567.0,97989.0
31-33,Manufacturing,2020,0.04970906812281801,0.0070806242438485175,11106.0,84604.0
31-33,Manufacturing,2021,0.05112329414759658,0.007421215097034708,11246.0,86453.0
31-33,Manufacturing,2022,0.057219056855376406,0.007619293111552516,12744.0,92460.0
31-33,Manufacturing,2023,0.05222115489179686,0.007231126128742402,11525.0,88893.0
42,Wholesale,1978,0.11471882557740609,0.03189545470230072,27085.0,122013.0
42,Wholesale,1979,0.10261782218185488,0.026599779062585732,25421.0,108789.0
42,Wholesale,1980,0.1000627860417547,0.02587861233637914,25340.0,106965.0
42,Wholesale,1981,0.10442585621650362,0.03197385586776938,27103.0,134675.0
42,Wholesale,1982,0.10186190197879269,0.026856029233336267,26840.0,113262.0
42,Wholesale,1983,0.10104769315785318,0.028876977348118477,26880.0,118025.0
42,Wholesale,1984,0.10690907485291033,0.030043532728345805,29055.0,130774.0
42,Wholesale,1985,0.10908009183386684,0.031123399189754816,29885.0,139406.0
42,Wholesale,1986,0.10720017929957489,0.02970133326306914,29655.0,135267.0
42,Wholesale,1987,0.1032242394802356,0.029115096739803073,28900.0,136112.0
42,Wholesale,1988,0.1005015404960538,0.028227955108828317,28575.0,135136.0
42,Wholesale,1989,0.09929221435793731,0.02761074948675287,28478.0,136212.0
42,Wholesale,1990,0.09641640880253081,0.025468544071936168,27887.0,128566.0
42,Wholesale,1991,0.09806065095672875,0.02450462273940547,27269.0,117033.0
42,Wholesale,1992,0.09237407205108915,0.023599248671058955,26890.0,113855.0
42,Wholesale,1993,0.09464064331249027,0.02455869339024496,27940.0,119998.0
42,Wholesale,1994,0.0953796667967981,0.02339148082559199,28585.0,117413.0
42,Wholesale,1995,0.09768014163276927,0.024543185344314305,29849.0,128403.0
42,Wholesale,1996,0.09895591910561068,0.02554082578945853,30528.0,133933.0
42,Wholesale,1997,0.09324248168451253,0.02287610107710618,29120.0,122631.0
42,Wholesale,1998,0.08482966405167847,0.02319476801100715,26579.0,129132.0
42,Wholesale,1999,0.07672064320337468,0.01796866187615858,23789.0,101314.0
42,Wholesale,2000,0.0790117139553788,0.019911877133035542,24397.0,116069.0
42,Wholesale,2001,0.07378285116195397,0.017927123830459947,22558.0,105689.0
42,Wholesale,2002,0.07870018433630772,0.027189920173931705,24122.0,157851.0
42,Wholesale,2003,0.07604789236723625,0.01733136448584008,23107.0,100927.0
42,Wholesale,2004,0.07677970829026595,0.01651278738986042,23399.0,97763.0
42,Wholesale,2005,0.07510447604278918,0.01609978538976366,22860.0,96174.0
42,Wholesale,2006,0.07566590918779245,0.016814083098493603,23075.0,101550.0
42,Wholesale,2007,0.07162086891942072,0.014464844934865228,21602.0,88365.0
42,Wholesale,2008,0.06941589958158996,0.014342220472741765,20738.0,87846.0
42,Wholesale,2009,0.05980151192893313,0.012026299451556192,17348.0,69968.0
42,Wholesale,2010,0.06216673719847651,0.013949147930256405,17628.0,78072.0
42,Wholesale,2011,0.06453610228417093,0.012965331545370763,18136.0,73056.0
42,Wholesale,2012,0.06732305169562205,0.014511980520393495,19050.0,83605.0
42,Wholesale,2013,0.06398896790955391,0.012267620419115433,18004.0,71975.0
42,Wholesale,2014,0.061581817986991416,0.011653077920822525,17241.0,69196.0
42,Wholesale,2015,0.06048731293558321,0.010480399777754171,16794.0,63341.0
42,Wholesale,2016,0.06014878718768899,0.010035514412198335,16510.0,61302.0
42,Wholesale,2017,0.05938379526942648,0.009921380496170806,15930.0,60436.0
42,Wholesale,2018,0.057300175470442305,0.010627371772730704,15152.0,65044.0
42,Wholesale,2019,0.0553822032986458,0.011024722498590737,14412.0,67904.0
42,Wholesale,2020,0.05381682248887031,0.0090083542019604,13648.0,55153.0
42,Wholesale,2021,0.05611104012266803,0.009055187776275429,14052.0,53476.0
42,Wholesale,2022,0.05615353654502923,0.008843251243840021,14091.0,54131.0
42,Wholesale,2023,0.05181959942485672,0.007703790794759873,12794.0,47937.0
44-45,Retail,1978,0.12301550910316925,0.04039091609886754,91216.0,401669.0
44-45,Retail,1979,0.11351208583517819,0.03402079282833725,85525.0,354812.0
44-45,Retail,1980,0.10283390252631215,0.03114125596287141,77295.0,320513.0
44-45,Retail,1981,0.09899591987281742,0.030374196303200006,73541.0,310716.0
44-45,Retail,1982,0.09965490459613097,0.030676211912187716,72367.0,310840.0
44-45,Retail,1983,0.10806199365395588,0.03409699661789084,78977.0,345042.0
44-45,Retail,1984,0.11531532503398131,0.03487018442846129,85516.0,374600.0
44-45,Retail,1985,0.11382507601989102,0.03479045206042749,83662.0,388679.0
44-45,Retail,1986,0.11413048648075698,0.03423567960906647,83986.0,395541.0
44-45,Retail,1987,0.1104530246857763,0.03198264436770547,80619.0,381161.0
44-45,Retail,1988,0.10841689687425228,0.03226240583788122,79748.0,398183.0
44-45,Retail,1989,0.10634768869811692,0.030433552575049486,78416.0,387482.0
44-45,Retail,1990,0.10207545009432625,0.027449753583674765,74885.0,355893.0
44-45,Retail,1991,0.09366288300007693,0.02427172051248612,66961.0,305598.0
44-45,Retail,1992,0.09193267187723436,0.023421672938626945,63646.0,288721.0
44-45,Retail,1993,0.09456490853047278,0.02241558198321317,65561.0,283168.0
44-45,Retail,1994,0.09429622350457506,0.02224304451174041,65347.0,290488.0
44-45,Retail,1995,0.09526029727291173,0.0215495838369191,66198.0,291986.0
44-45,Retail,1996,0.09660084850911717,0.021677723104209897,66100.0,295727.0
44-45,Retail,1997,0.09526627834872181,0.020790833705059266,64064.0,289627.0
44-45,Retail,1998,0.08976720445618162,0.020270185885796314,60675.0,290527.0
44-45,Retail,1999,0.08362192348949572,0.017094760532621718,55972.0,249988.0
44-45,Retail,2000,0.08553969652530632,0.018676122313706942,56988.0,278746.0
44-45,Retail,2001,0.0820468584532692,0.016649383766775303,54311.0,248013.0
44-45,Retail,2002,0.09100690966346549,0.022800768881308404,58782.0,332652.0
44-45,Retail,2003,0.09447865902640176,0.0186347348045179,61747.0,277917.0
44-45,Retail,2004,0.10020075903415654,0.019417111695847276,65583.0,298284.0
44-45,Retail,2005,0.10013193560075033,0.01958994526909254,65497.0,299990.0
44-45,Retail,2006,0.09852105120363062,0.018759641082236753,63911.0,295312.0
44-45,Retail,2007,0.09393167671908861,0.017209581821036414,60379.0,268662.0
44-45,Retail,2008,0.08929956389619967,0.01667512324159208,56188.0,259463.0
44-45,Retail,2009,0.07788916663108209,0.013942350957390104,47425.0,205437.0
44-45,Retail,2010,0.0773527745704341,0.014864706179898941,46292.0,214818.0
44-45,Retail,2011,0.08120430398363607,0.013618636395292151,48036.0,199461.0
44-45,Retail,2012,0.08402293801275125,0.013902646985991526,49539.0,205203.0
44-45,Retail,2013,0.08234144185493056,0.013273589933582047,48439.0,199094.0
44-45,Retail,2014,0.08330596569203831,0.013701213822136696,48957.0,210884.0
44-45,Retail,2015,0.0832574990712433,0.013602448503115726,48856.0,213679.0
44-45,Retail,2016,0.08414836842705174,0.01323928693842077,49463.0,211283.0
44-45,Retail,2017,0.0811119671069826,0.012572585384634016,47484.0,197244.0
44-45,Retail,2018,0.07736886559908986,0.012940139867955648,44884.0,202845.0
44-45,Retail,2019,0.07731578737377855,0.012877136596797572,44570.0,202814.0
44-45,Retail,2020,0.07812894132920804,0.012776184739476332,44292.0,202082.0
44-45,Retail,2021,0.08734010246790633,0.01353738272700161,49727.0,211439.0
44-45,Retail,2022,0.09064309303707388,0.014407927113735576,52478.0,230730.0
44-45,Retail,2023,0.08464420897180654,0.013090135219133959,49063.0,210338.0
48-49,Transportation,1978,0.1612553513944047,0.02855817750074206,14577.0,69273.0
48-49,Transportation,1979,0.16075370293355515,0.026852990497484627,15075.0,69658.0
48-49,Transportation,1980,0.14639964378101014,0.02526195631027378,13809.0,64665.0
48-49,Transportation,1981,0.13262073159023266,0.025495768813650045,12432.0,63827.0
48-49,Transportation,1982,0.1335839816239409,0.02577666587316448,12329.0,62912.0
48-49,Transportation,1983,0.13135911697124572,0.024796393834756802,12234.0,58777.0
48-49,Transportation,1984,0.15052572753239227,0.02895750060823412,14545.0,72961.0
48-49,Transportation,1985,0.1529764254552448,0.02903185874654137,15113.0,75987.0
48-49,Transportation,1986,0.1519735004190446,0.030359817846330663,15232.0,81149.0
48-49,Transportation,1987,0.15460449786739047,0.028947211765735795,15949.0,82666.0
48-49,Transportation,1988,0.1433849435334895,0.02729980228249326,15058.0,81975.0
48-49,Transportation,1989,0.14220867587569674,0.025425817038107076,15257.0,78730.0
48-49,Transportation,1990,0.13711981333994727,0.025760204860451278,14927.0,82690.0
48-49,Transportation,1991,0.12789598759485077,0.0216750577752305,13939.0,69283.0
48-49,Transportation,1992,0.12970426447361255,0.022017705447800916,14289.0,69659.0
48-49,Transportation,1993,0.1369633215090779,0.022945657466292693,15676.0,73611.0
48-49,Transportation,1994,0.1406426869857575,0.024439873647969575,16649.0,80953.0
48-49,Transportation,1995,0.1483332928890938,0.024225245524009717,18338.0,84637.0
48-49,Transportation,1996,0.14108499010275782,0.02461588478818322,17890.0,88738.0
48-49,Transportation,1997,0.13951863115534666,0.021598742774894486,18167.0,80882.0
48-49,Transportation,1998,0.13398319327731092,0.021106427210255817,17937.0,82603.0
48-49,Transportation,1999,0.13186284514680585,0.018799887021746342,18090.0,76279.0
48-49,Transportation,2000,0.12573823171790863,0.018952215649463356,17373.0,80256.0
48-49,Transportation,2001,0.11933349140997176,0.017750029935895688,16608.0,74858.0
48-49,Transportation,2002,0.11489858919246415,0.024241730729887268,15930.0,97874.0
48-49,Transportation,2003,0.1155659189210585,0.02035292868454881,16058.0,81081.0
48-49,Transportation,2004,0.12083312607036518,0.018618908560750772,17004.0,76982.0
48-49,Transportation,2005,0.12649308957495153,0.020425360288663062,18204.0,85080.0
48-49,Transportation,2006,0.13262696382900988,0.019071350723523513,19602.0,82559.0
48-49,Transportation,2007,0.12662684019628762,0.016327476082252983,18992.0,72460.0
48-49,Transportation,2008,0.11715421851054206,0.015852134283909393,17353.0,70263.0
48-49,Transportation,2009,0.09967128269688068,0.01576626561123824,14251.0,65571.0
48-49,Transportation,2010,0.09112739054391146,0.01679868748812236,12713.0,67445.0
48-49,Transportation,2011,0.11681540299346498,0.015901846777412063,16624.0,65425.0
48-49,Transportation,2012,0.11461174353020383,0.01666045046332803,16683.0,70399.0
48-49,Transportation,2013,0.10604474771639844,0.01496754163600058,15603.0,64081.0
48-49,Transportation,2014,0.10629068699424096,0.015277414586488557,15854.0,67303.0
48-49,Transportation,2015,0.11509620642070456,0.014287347423482994,17682.0,65738.0
48-49,Transportation,2016,0.11742155603687873,0.014604490167969707,18378.0,69103.0
48-49,Transportation,2017,0.10959417088744176,0.014107416553352637,17267.0,68526.0
48-49,Transportation,2018,0.11818838744742483,0.014969012897959053,19136.0,75125.0
48-49,Transportation,2019,0.1268554879538534,0.019536714314329493,21288.0,107190.0
48-49,Transportation,2020,0.12593929353292704,0.02300642609674137,21285.0,131628.0
48-49,Transportation,2021,0.15682335018656304,0.030056615824732784,28412.0,174492.0
48-49,Transportation,2022,0.1660244529399585,0.020547060158337956,32875.0,130390.0
48-49,Transportation,2023,0.13849831554739667,0.01557736665239935,27462.0,100484.0
51,Information,1978,0.1394895519284749,0.016700255410225483,5367.0,36080.0
51,Information,1979,0.14413440754568677,0.016537405701896046,5868.0,37633.0
51,Information,1980,0.145060139467403,0.017213129075243357,6199.0,40393.0
51,Information,1981,0.15334654337296344,0.019958425735344294,6965.0,48842.0
51,Information,1982,0.1478119030755693,0.017015927254471697,6887.0,42029.0
51,Information,1983,0.13686455741201564,0.01645812813871764,6545.0,40605.0
51,Information,1984,0.1485386200412107,0.021112920081963204,7425.0,53960.0
51,Information,1985,0.1409056812349481,0.01931671825666704,7138.0,50529.0
51,Information,1986,0.13719092731632532,0.02053296915523796,6980.0,54382.0
51,Information,1987,0.1346003814147018,0.019931718470972477,6211.0,50628.0
51,Information,1988,0.1422142214221422,0.020688294986444037,6794.0,53392.0
51,Information,1989,0.1456422714849681,0.021360679805752344,7194.0,55986.0
51,Information,1990,0.13548833531039936,0.018208206741751703,6853.0,49467.0
51,Information,1991,0.12205477813658654,0.01474823037173962,6123.0,39789.0
51,Information,1992,0.12154179677400108,0.015368281012211835,6111.0,40616.0
51,Information,1993,0.12679783684271084,0.016138282361462475,6612.0,42913.0
51,Information,1994,0.13525148092277126,0.01836698813152484,7352.0,49622.0
51,Information,1995,0.14282712612281348,0.019438588130841983,8157.0,54823.0
51,Information,1996,0.15208496852089978,0.020841245990535308,9107.0,60141.0
51,Information,1997,0.1419833988641328,0.021951586527298474,8775.0,66084.0
51,Information,1998,0.12864977966585298,0.017441931508742115,8116.0,55668.0
51,Information,1999,0.12990154009393481,0.01653229502231762,8325.0,53932.0
51,Information,2000,0.1436498150431566,0.024646299642523482,9553.0,88112.0
51,Information,2001,0.1248692963978845,0.020695586962208672,8240.0,77767.0
51,Information,2002,0.11199849075587977,0.017981417634710867,7124.0,66935.0
51,Information,2003,0.10947282103038809,0.010809468327507721,6942.0,38910.0
51,Information,2004,0.11058546168958742,0.013812809351325778,7036.0,47969.0
51,Information,2005,0.10446131941148552,0.013967284140172617,6603.0,47622.0
51,Information,2006,0.10579261552067212,0.011902596946088546,6699.0,40972.0
51,Information,2007,0.10442313541549939,0.011397848967645948,6523.0,39637.0
51,Information,2008,0.1031180436558141,0.011830934647641041,6439.0,40433.0
51,Information,2009,0.08700490998363339,0.0088016286221894,5316.0,28937.0
51,Information,2010,0.08454577271136443,0.010856914973270399,5073.0,34003.0
51,Information,2011,0.0923883898645931,0.010556798225814451,5513.0,33207.0
51,Information,2012,0.09835286404982381,0.012664985234817414,6001.0,41091.0
51,Information,2013,0.09760164794742263,0.010520815508348205,5970.0,34430.0
51,Information,2014,0.10090255026658958,0.01073154872351241,6283.0,35847.0
51,Information,2015,0.10275852223156358,0.011423931146245106,6478.0,38673.0
51,Information,2016,0.1092792123351291,0.0109868619363756,7059.0,37360.0
51,Information,2017,0.10454538619994888,0.012231700115758054,6953.0,42277.0
51,Information,2018,0.10917198773315161,0.01163269525371799,7369.0,41187.0
51,Information,2019,0.11337234692986287,0.013010236065465888,7788.0,45866.0
51,Information,2020,0.11139695314745617,0.01219571357880384,7751.0,42736.0
51,Information,2021,0.11514244137236246,0.010798696495811881,8229.0,35974.0
51,Information,2022,0.11986960020733022,0.012413570104774388,8788.0,43919.0
51,Information,2023,0.1121195291440337,0.012251568169651873,8277.0,43370.0
52,Finance/Insurance,1978,0.10594904719622976,0.011881875623285963,15512.0,48802.0
52,Finance/Insurance,1979,0.09768012169853385,0.01192175266203592,14897.0,53084.0
52,Finance/Insurance,1980,0.08968786530351272,0.010147655377984535,13887.0,47239.0
52,Finance/Insurance,1981,0.09123647160233694,0.01231647400227941,14289.0,60442.0
52,Finance/Insurance,1982,0.09313393553003105,0.013897124213982676,14579.0,66211.0
52,Finance/Insurance,1983,0.1368553672453269,0.03441578823205062,22594.0,171269.0
52,Finance/Insurance,1984,0.12482888836440878,0.025282226872497867,21156.0,123051.0
52,Finance/Insurance,1985,0.11218636293601034,0.019307700800681924,18931.0,97580.0
52,Finance/Insurance,1986,0.10974019168287315,0.01855312854697299,18847.0,98288.0
52,Finance/Insurance,1987,0.11196056098206376,0.020045484518259892,19463.0,110107.0
52,Finance/Insurance,1988,0.10749574596948634,0.019090807822781122,18636.0,100257.0
52,Finance/Insurance,1989,0.10420481577190971,0.018581088028944506,18267.0,99385.0
52,Finance/Insurance,1990,0.1026374985940839,0.016899092386603018,18251.0,92696.0
52,Finance/Insurance,1991,0.09254110595822745,0.01473857378307388,16243.0,81940.0
52,Finance/Insurance,1992,0.09155139586630881,0.011525184143085001,15964.0,61737.0
52,Finance/Insurance,1993,0.09699307033581364,0.014295046353792808,17454.0,75278.0
52,Finance/Insurance,1994,0.09955266005510871,0.013307335449596407,17848.0,71299.0
52,Finance/Insurance,1995,0.09344925997212451,0.012765067806639375,16896.0,67652.0
52,Finance/Insurance,1996,0.09821825797280727,0.013317466227734234,18103.0,72069.0
52,Finance/Insurance,1997,0.10316820276497696,0.014192215390749687,19701.0,79872.0
52,Finance/Insurance,1998,0.09568346053913608,0.013634675279376313,18855.0,79509.0
52,Finance/Insurance,1999,0.09521082147161655,0.013642874160057637,19117.0,80801.0
52,Finance/Insurance,2000,0.09363492118414093,0.013488092503076244,18943.0,81137.0
52,Finance/Insurance,2001,0.0985549342821872,0.01536593986268019,20358.0,95038.0
52,Finance/Insurance,2002,0.09437023674879622,0.01679917071199296,19775.0,108158.0
52,Finance/Insurance,2003,0.09502037015481318,0.014339626547686562,20408.0,91429.0
52,Finance/Insurance,2004,0.10107243939270633,0.013568794581220523,22355.0,86956.0
52,Finance/Insurance,2005,0.10139562759173816,0.015948516408864105,23009.0,101595.0
52,Finance/Insurance,2006,0.1033513168505988,0.01431513458461705,23965.0,94145.0
52,Finance/Insurance,2007,0.09464744711920275,0.01301997462408765,22167.0,85880.0
52,Finance/Insurance,2008,0.08326948312152677,0.011567634271461824,18910.0,74354.0
52,Finance/Insurance,2009,0.07041469907992809,0.011010645486583984,15314.0,67784.0
52,Finance/Insurance,2010,0.06925279143102131,0.010246022570570869,14780.0,60593.0
52,Finance/Insurance,2011,0.06746968456720794,0.008679559091262569,14177.0,51007.0
52,Finance/Insurance,2012,0.06989367735294258,0.009280017996963347,14666.0,55607.0
52,Finance/Insurance,2013,0.0695455172840505,0.007656938983178603,14612.0,46322.0
52,Finance/Insurance,2014,0.07022301448835622,0.008905831202932729,14812.0,53944.0
52,Finance/Insurance,2015,0.07180930028701099,0.008831410385672983,15237.0,53825.0
52,Finance/Insurance,2016,0.07124435696401141,0.008086090487384338,15166.0,50982.0
52,Finance/Insurance,2017,0.07086970243674956,0.008136563551736822,15045.0,51739.0
52,Finance/Insurance,2018,0.07188178602214863,0.009142806207138485,15260.0,58875.0
52,Finance/Insurance,2019,0.0723444867566878,0.00804800520426128,15312.0,52529.0
52,Finance/Insurance,2020,0.07470150977369892,0.0075422314021937695,15848.0,50048.0
52,Finance/Insurance,2021,0.08072896111433546,0.008058274527657637,17387.0,53808.0
52,Finance/Insurance,2022,0.08036849233386183,0.008681035547686136,17387.0,59030.0
52,Finance/Insurance,2023,0.07426562142953744,0.00715925919281577,15925.0,49485.0
53,Real Estate,1978,0.15071931399414154,0.08676613165425551,25521.0,88867.0
53,Real Estate,1979,0.1466612318739426,0.08194437029523251,26266.0,92094.0
53,Real Estate,1980,0.13302186423743098,0.07481550317842474,23831.0,83809.0
53,Real Estate,1981,0.12329093393974107,0.07341586246855707,21741.0,83881.0
53,Real Estate,1982,0.11430882214036082,0.06376003643329393,19363.0,71962.0
53,Real Estate,1983,0.12298630747750179,0.0710081610541216,20964.0,81266.0
53,Real Estate,1984,0.14510624181187412,0.0770680392653222,25807.0,98640.0
53,Real Estate,1985,0.15587329664570232,0.08514197971094649,28551.0,116997.0
53,Real Estate,1986,0.15455657234428372,0.08105901898886131,29320.0,118168.0
53,Real Estate,1987,0.14783987112031352,0.0823283771639518,28632.0,122392.0
53,Real Estate,1988,0.13196661682091904,0.0757069270511687,26122.0,117564.0
53,Real Estate,1989,0.12969104816541174,0.06743061121950346,26043.0,109109.0
53,Real Estate,1990,0.12207101702787908,0.06513205753343752,24704.0,108516.0
53,Real Estate,1991,0.11118023370348482,0.05772493381261581,21446.0,90812.0
53,Real Estate,1992,0.1053069794381697,0.05275059781760752,20363.0,82834.0
53,Real Estate,1993,0.11261222615304645,0.05088130915554593,22314.0,82669.0
53,Real Estate,1994,0.1125786506007396,0.057011573325684226,22741.0,93813.0
53,Real Estate,1995,0.11092617160536739,0.0549309733804523,22659.0,93279.0
53,Real Estate,1996,0.10588137734569739,0.04884178085644131,21706.0,81396.0
53,Real Estate,1997,0.10216492102271353,0.04519133944802179,21118.0,78582.0
53,Real Estate,1998,0.10168682063919614,0.042688155306057456,21292.0,77613.0
53,Real Estate,1999,0.10123138399625908,0.04107374950271178,21432.0,77330.0
53,Real Estate,2000,0.09764783012682945,0.039084113552318965,20703.0,76034.0
53,Real Estate,2001,0.09455707008640019,0.03516341633693223,20159.0,69557.0
53,Real Estate,2002,0.09928965055904182,0.04209801814986219,21819.0,83306.0
53,Real Estate,2003,0.1097970738418393,0.0419634720902728,24900.0,86574.0
53,Real Estate,2004,0.11727165475498409,0.04337026235724005,27435.0,90775.0
53,Real Estate,2005,0.12811108738151172,0.047926868319499986,31193.0,102523.0
53,Real Estate,2006,0.13588614836946158,0.04830577899978815,34202.0,106256.0
53,Real Estate,2007,0.11919334838319927,0.04287715089692699,29990.0,93802.0
53,Real Estate,2008,0.10032148970815415,0.037823161912311824,24028.0,81301.0
53,Real Estate,2009,0.08298156063442721,0.03111316816551932,18793.0,62786.0
53,Real Estate,2010,0.08046850552103357,0.03451545913864231,18000.0,66715.0
53,Real Estate,2011,0.08296600638514004,0.031006289308176102,18295.0,59160.0
53,Real Estate,2012,0.08686733257357378,0.03573377709781607,19437.0,67898.0
53,Real Estate,2013,0.09313288595295516,0.034321841073648385,21317.0,66899.0
53,Real Estate,2014,0.09450999020023194,0.03346726424294119,22085.0,67094.0
53,Real Estate,2015,0.09657604653300685,0.03190757296295035,23112.0,65564.0
53,Real Estate,2016,0.10097001943298066,0.03394480714543197,24784.0,71190.0
53,Real Estate,2017,0.10396497821069484,0.03163311237170759,26171.0,67887.0
53,Real Estate,2018,0.10546650352970238,0.033939637182388974,27325.0,74585.0
53,Real Estate,2019,0.10441067191737675,0.03422997318488121,27680.0,76540.0
53,Real Estate,2020,0.10598689949875058,0.032492256364166666,28672.0,73860.0
53,Real Estate,2021,0.11513777714811929,0.03753236675028889,32508.0,81882.0
53,Real Estate,2022,0.11826417718153745,0.03799235193169264,34698.0,88244.0
53,Real Estate,2023,0.10438942710202129,0.032208140380014204,30548.0,77417.0
54,Prof/Sci/Technical,1978,0.15087871703480374,0.05673804129304018,35431.0,126238.0
54,Prof/Sci/Technical,1979,0.1504589696921738,0.056580203708114736,38027.0,138959.0
54,Prof/Sci/Technical,1980,0.14163676682642531,0.04930963654973309,37620.0,127859.0
54,Prof/Sci/Technical,1981,0.14236793070453743,0.052600289542214296,39578.0,145370.0
54,Prof/Sci/Technical,1982,0.1443246239962802,0.05530833209648541,40351.0,147194.0
54,Prof/Sci/Technical,1983,0.15192802873764186,0.056936611438024434,47792.0,167546.0
54,Prof/Sci/Technical,1984,0.1497825756060873,0.0579542487834795,50186.0,186913.0
54,Prof/Sci/Technical,1985,0.1474473970756726,0.05845205891969835,51863.0,203615.0
54,Prof/Sci/Technical,1986,0.14245725956726582,0.05403955007941837,52521.0,200390.0
54,Prof/Sci/Technical,1987,0.13412898819195065,0.04942044249228807,51843.0,198161.0
54,Prof/Sci/Technical,1988,0.1355414558562329,0.052270870021682285,54410.0,222851.0
54,Prof/Sci/Technical,1989,0.12608713573224517,0.0479883890614682,52003.0,218158.0
54,Prof/Sci/Technical,1990,0.1203572431135634,0.043794742829469664,51021.0,209080.0
54,Prof/Sci/Technical,1991,0.11370165876497086,0.04227439324123605,48085.0,198746.0
54,Prof/Sci/Technical,1992,0.11042993077582015,0.03825696190992015,47698.0,178353.0
54,Prof/Sci/Technical,1993,0.11366327520029312,0.04009220892692727,50875.0,194511.0
54,Prof/Sci/Technical,1994,0.11363597127270215,0.03807292774415592,52658.0,189033.0
54,Prof/Sci/Technical,1995,0.11683940614074331,0.038196828225155986,56411.0,197903.0
54,Prof/Sci/Technical,1996,0.11789054360972183,0.04012552600981946,59070.0,218455.0
54,Prof/Sci/Technical,1997,0.12234811422528172,0.03977289686019622,63397.0,223867.0
54,Prof/Sci/Technical,1998,0.12150833098359236,0.04091289172890482,65932.0,253889.0
54,Prof/Sci/Technical,1999,0.11272376632768766,0.03302235460389344,63127.0,217297.0
54,Prof/Sci/Technical,2000,0.1091064345044681,0.03553893908216935,62354.0,248621.0
54,Prof/Sci/Technical,2001,0.10833902412725471,0.03475692985634719,63300.0,252650.0
54,Prof/Sci/Technical,2002,0.10179851667680051,0.037636828808093735,60105.0,265957.0
54,Prof/Sci/Technical,2003,0.10168564965971041,0.030770269222422986,60825.0,220636.0
54,Prof/Sci/Technical,2004,0.1040411784032417,0.031099109841523427,63650.0,225652.0
54,Prof/Sci/Technical,2005,0.1051644075605001,0.02953536991210854,65971.0,218751.0
54,Prof/Sci/Technical,2006,0.11074199345168104,0.03163895541887544,71671.0,246168.0
54,Prof/Sci/Technical,2007,0.10396384661961929,0.02850641732143492,68164.0,220495.0
54,Prof/Sci/Technical,2008,0.09861940729307819,0.026481737103014245,64918.0,208557.0
54,Prof/Sci/Technical,2009,0.08601052755141757,0.025233694219772992,55687.0,196365.0
54,Prof/Sci/Technical,2010,0.08536047234307023,0.027282574548757235,54938.0,210513.0
54,Prof/Sci/Technical,2011,0.08935495924597693,0.025273042768194344,57631.0,198080.0
54,Prof/Sci/Technical,2012,0.09082084562679801,0.027372772209596274,59225.0,216593.0
54,Prof/Sci/Technical,2013,0.08981905186452088,0.024229704492876983,59238.0,198778.0
54,Prof/Sci/Technical,2014,0.08908583349592519,0.02420962310212729,59357.0,204048.0
54,Prof/Sci/Technical,2015,0.08964944871724319,0.022058529118170328,60275.0,190616.0
54,Prof/Sci/Technical,2016,0.09203178266809928,0.022510705410044556,62442.0,197726.0
54,Prof/Sci/Technical,2017,0.08943410346522668,0.022268358679832123,60948.0,197141.0
54,Prof/Sci/Technical,2018,0.08867692199955649,0.021340353967666526,60782.0,193055.0
54,Prof/Sci/Technical,2019,0.09236479704210808,0.021785464013016162,63952.0,200954.0
54,Prof/Sci/Technical,2020,0.09385899859538721,0.02138270864719432,65686.0,202851.0
54,Prof/Sci/Technical,2021,0.09847089669638175,0.02093831199792736,70419.0,198489.0
54,Prof/Sci/Technical,2022,0.09946467398783475,0.022490853972639686,72277.0,226162.0
54,Prof/Sci/Technical,2023,0.09833589795174892,0.02043518204238744,72341.0,211804.0
55,Mgmt of Companies,1978,0.04513614578395744,0.006487531890379393,857.0,15766.0
55,Mgmt of Companies,1979,0.04611238646571514,0.005267465310749021,924.0,13574.0
55,Mgmt of Companies,1980,0.043767932694645725,0.004571280660407615,900.0,12115.0
55,Mgmt of Companies,1981,0.04769008437835066,0.007547263895518435,1023.0,20887.0
55,Mgmt of Companies,1982,0.046290854843813574,0.00792687769629413,1024.0,22257.0
55,Mgmt of Companies,1983,0.04530430567185228,0.005374547398887604,1028.0,14796.0
55,Mgmt of Companies,1984,0.046578149681936555,0.005670275246655221,1091.0,16180.0
55,Mgmt of Companies,1985,0.045850334412989524,0.007327782457353412,1090.0,22001.0
55,Mgmt of Companies,1986,0.045643661282427805,0.009078716935436618,1119.0,27890.0
55,Mgmt of Companies,1987,0.046667210573549806,0.008739554593862506,1144.0,26431.0
55,Mgmt of Companies,1988,0.05131821208916049,0.00844718358195669,1310.0,25906.0
55,Mgmt of Companies,1989,0.054083552879187057,0.009962069318901274,1437.0,31690.0
55,Mgmt of Companies,1990,0.04899938479354395,0.007749402409648915,1354.0,25232.0
55,Mgmt of Companies,1991,0.03245955714636629,0.005618354708725126,925.0,18243.0
55,Mgmt of Companies,1992,0.02883904362829677,0.004520807762478759,819.0,14523.0
55,Mgmt of Companies,1993,0.033821034775233245,0.005520798256030342,957.0,17444.0
55,Mgmt of Companies,1994,0.03512411222839463,0.005148284630040063,999.0,16216.0
55,Mgmt of Companies,1995,0.03928284346276168,0.007237454699753656,1124.0,23248.0
55,Mgmt of Companies,1996,0.03620933521923621,0.007311572597043619,1024.0,23534.0
55,Mgmt of Companies,1997,0.039133397898059474,0.005445781886498342,1091.0,17482.0
55,Mgmt of Companies,1998,0.046148372175769434,0.007310684510310733,1297.0,24081.0
55,Mgmt of Companies,1999,0.04487293723491464,0.006153183663729832,1259.0,20062.0
55,Mgmt of Companies,2000,0.0462622115248478,0.007273775436962309,1307.0,24301.0
55,Mgmt of Companies,2001,0.03614971741371343,0.005264036031408525,1017.0,17258.0
55,Mgmt of Companies,2002,0.04047654840649429,0.00505796535012796,1077.0,14313.0
55,Mgmt of Companies,2003,0.033222970658750996,0.006147498017111048,873.0,17005.0
55,Mgmt of Companies,2004,0.02990582356332885,0.006515327698409988,778.0,18126.0
55,Mgmt of Companies,2005,0.025399157227355317,0.0045564929848316005,657.0,12892.0
55,Mgmt of Companies,2006,0.02402929285223892,0.00345566418825129,630.0,10085.0
55,Mgmt of Companies,2007,0.028611437005639027,0.0026883810252197244,756.0,7677.0
55,Mgmt of Companies,2008,0.029863641486044853,0.004876530291749831,795.0,13958.0
55,Mgmt of Companies,2009,0.021073946302684866,0.00413278395066764,562.0,11652.0
55,Mgmt of Companies,2010,0.026431553832388904,0.004764679609138342,709.0,13516.0
55,Mgmt of Companies,2011,0.017488315995778683,0.0036152590450818202,464.0,10688.0
55,Mgmt of Companies,2012,0.019434289012892052,0.0027579025270403467,505.0,8422.0
55,Mgmt of Companies,2013,0.019418972027433153,0.002082782134161009,504.0,6589.0
55,Mgmt of Companies,2014,0.022371535466137283,0.0029374999228759737,586.0,9522.0
55,Mgmt of Companies,2015,0.02078166102968809,0.0024741733516238183,553.0,8284.0
55,Mgmt of Companies,2016,0.018492971924984156,0.0017240491235590246,496.0,5824.0
55,Mgmt of Companies,2017,0.022332224909310763,0.0020236791350982546,591.0,7071.0
55,Mgmt of Companies,2018,0.020691001366386883,0.0017530593389835747,530.0,6125.0
55,Mgmt of Companies,2019,0.016946461880382586,0.0012986422973367976,427.0,4545.0
55,Mgmt of Companies,2020,0.025171807575515424,0.0019465458577724959,630.0,6876.0
55,Mgmt of Companies,2021,0.027477641536157987,0.0019877247759484728,679.0,6894.0
55,Mgmt of Companies,2022,0.026676041192770585,0.00165617945622062,645.0,6019.0
55,Mgmt of Companies,2023,0.03374499194580976,0.002464111607517659,817.0,9304.0
56,Admin/Support,1978,0.19976938071400463,0.0590530211499574,21829.0,116082.0
56,Admin/Support,1979,0.1986652545934406,0.053522972719347243,23636.0,118919.0
56,Admin/Support,1980,0.1851505016722408,0.052162148533145644,23528.0,121025.0
56,Admin/Support,1981,0.17873614009550617,0.05449648620532237,24067.0,128448.0
56,Admin/Support,1982,0.17332202833543023,0.055192386580616634,25348.0,141809.0
56,Admin/Support,1983,0.17518098378753247,0.055151942515350674,24755.0,133275.0
56,Admin/Support,1984,0.17919609266715067,0.052673945285741146,27150.0,146251.0
56,Admin/Support,1985,0.18119387876250523,0.05254530385884956,28997.0,166301.0
56,Admin/Support,1986,0.18212035462787018,0.056366628094107724,30957.0,193478.0
56,Admin/Support,1987,0.1790893086231888,0.061002670899988884,32247.0,217343.0
56,Admin/Support,1988,0.17124805033441723,0.056769826242512686,32389.0,220460.0
56,Admin/Support,1989,0.16815838753196544,0.058749282899779987,33405.0,249158.0
56,Admin/Support,1990,0.16266020623919314,0.05391281037575271,33772.0,247373.0
56,Admin/Support,1991,0.14822382233996081,0.05412575484569706,31557.0,245480.0
56,Admin/Support,1992,0.14476908576814326,0.051833679163902496,30720.0,244557.0
56,Admin/Support,1993,0.14757786015271046,0.04932008495411291,32606.0,253468.0
56,Admin/Support,1994,0.14855626400736635,0.05129006964012797,34203.0,286698.0
56,Admin/Support,1995,0.15259698680954603,0.049174840123737094,36939.0,299968.0
56,Admin/Support,1996,0.1471275047484357,0.046864473053153624,35787.0,295979.0
56,Admin/Support,1997,0.14336030046829315,0.043903206047727995,36185.0,307133.0
56,Admin/Support,1998,0.13013308095402482,0.035227519630982286,33550.0,271573.0
56,Admin/Support,1999,0.1177032826279598,0.029887449070841524,30417.0,245484.0
56,Admin/Support,2000,0.11232717555478099,0.025554387423831405,29004.0,230965.0
56,Admin/Support,2001,0.11143517938318162,0.028463932465005344,29343.0,254055.0
56,Admin/Support,2002,0.11972968242856234,0.03394276309476996,30101.0,284066.0
56,Admin/Support,2003,0.11568675996117314,0.03348573644234705,29438.0,276010.0
56,Admin/Support,2004,0.11992890604949763,0.033284577428629745,31309.0,280171.0
56,Admin/Support,2005,0.1201836850600825,0.03610241119708271,32165.0,323046.0
56,Admin/Support,2006,0.12327528199636788,0.02886490426640133,34076.0,279332.0
56,Admin/Support,2007,0.11557591996123479,0.024697870855191238,32438.0,241155.0
56,Admin/Support,2008,0.10861180911258297,0.023381080915788274,30386.0,226324.0
56,Admin/Support,2009,0.09262627369343705,0.024366613047529965,25362.0,209572.0
56,Admin/Support,2010,0.08890103922300255,0.0236316599858431,24064.0,203851.0
56,Admin/Support,2011,0.09103052728954672,0.019972177260134234,24601.0,181024.0
56,Admin/Support,2012,0.09497322169966967,0.020701135179198388,26192.0,195769.0
56,Admin/Support,2013,0.08928590929442727,0.01874042545770482,24528.0,184832.0
56,Admin/Support,2014,0.0883254972875226,0.019002375530540398,24422.0,193197.0
56,Admin/Support,2015,0.08993868061297909,0.019866580259068806,25125.0,211585.0
56,Admin/Support,2016,0.09555636908808814,0.018259449137712644,27407.0,199508.0
56,Admin/Support,2017,0.09276152359922717,0.0162974985448662,26886.0,182532.0
56,Admin/Support,2018,0.09342963096899212,0.01764383308859563,27386.0,202701.0
56,Admin/Support,2019,0.09377081833291837,0.014271590908508509,27870.0,167078.0
56,Admin/Support,2020,0.09444165411016239,0.015476500591159853,28205.0,180314.0
56,Admin/Support,2021,0.10315035296596776,0.014885243708632858,31328.0,171359.0
56,Admin/Support,2022,0.10490397237055067,0.015714979096806254,32926.0,190250.0
56,Admin/Support,2023,0.10226040720640318,0.013565901866619828,32541.0,161885.0
61,Education,1978,0.11683194325868523,0.014867712753945488,3558.0,19027.0
61,Education,1979,0.11141356561839492,0.015042077254431614,3479.0,19803.0
61,Education,1980,0.09721342621912603,0.012205951009200024,3070.0,16811.0
61,Education,1981,0.09426987060998152,0.01138871984952423,3009.0,16469.0
61,Education,1982,0.09150678003603376,0.010648858164001544,2895.0,15866.0
61,Education,1983,0.1013379052750819,0.014868775172832374,3310.0,22342.0
61,Education,1984,0.11016248153618907,0.013230101979162835,3729.0,20145.0
61,Education,1985,0.10332503295737513,0.012298356752469005,3527.0,19039.0
61,Education,1986,0.10387106058425673,0.011766662482741308,3609.0,18749.0
61,Education,1987,0.0974344274043285,0.012938307497097018,3399.0,21148.0
61,Education,1988,0.10354996661473403,0.011950198046383894,3722.0,20208.0
61,Education,1989,0.10498067840274795,0.012836242326159479,3912.0,22494.0
61,Education,1990,0.11062459755312298,0.02080245580695112,4295.0,38247.0
61,Education,1991,0.10103382320896787,0.013767666127434384,4173.0,26349.0
61,Education,1992,0.1007591773976552,0.01330834360937904,4194.0,26301.0
61,Education,1993,0.1053422756706753,0.013721328373327225,4555.0,27675.0
61,Education,1994,0.11186365648517042,0.012699560921482911,5054.0,26404.0
61,Education,1995,0.11118638326699974,0.013393240540985738,5252.0,28539.0
61,Education,1996,0.11298950549226183,0.015524936286203606,5534.0,32761.0
61,Education,1997,0.10644653774918846,0.01309818636647905,5345.0,28798.0
61,Education,1998,0.10007919797562248,0.016077440284466126,5181.0,37546.0
61,Education,1999,0.09564379628230316,0.013948985601379485,5063.0,33846.0
61,Education,2000,0.09360638258759513,0.015507925128679188,5092.0,39457.0
61,Education,2001,0.09416355303601995,0.013407487404510214,5116.0,33073.0
61,Education,2002,0.09413514298900874,0.019315925280947038,5507.0,52498.0
61,Education,2003,0.0995256747153222,0.012752927614226186,6022.0,35489.0
61,Education,2004,0.10083899575716974,0.012790218794691652,6322.0,36802.0
61,Education,2005,0.10140008485362749,0.016110060299023163,6453.0,46402.0
61,Education,2006,0.10326566637246248,0.014127094861931975,6786.0,42100.0
61,Education,2007,0.09754025110241873,0.012772696847447649,6658.0,38832.0
61,Education,2008,0.09538063030651893,0.011709125200454262,6628.0,36530.0
61,Education,2009,0.08503831771714558,0.01139438674479566,5981.0,36326.0
61,Education,2010,0.08426617792189482,0.013500455875061138,5977.0,44081.0
61,Education,2011,0.08823732702967971,0.013429093159719926,6383.0,45478.0
61,Education,2012,0.090001741623461,0.011627796046688108,6718.0,40222.0
61,Education,2013,0.08798915452199077,0.010804737979686226,6750.0,37892.0
61,Education,2014,0.08404330279930818,0.01095262682691265,6560.0,38988.0
61,Education,2015,0.08605875658166265,0.010082427086375469,6881.0,36664.0
61,Education,2016,0.08786185258720004,0.011150618066734263,7169.0,40800.0
61,Education,2017,0.08563762931451223,0.010545823134555552,7086.0,38901.0
61,Education,2018,0.08531097532092274,0.010943113688059917,7204.0,40763.0
61,Education,2019,0.08530415206442779,0.011804822449245677,7351.0,44908.0
61,Education,2020,0.08779568049365787,0.011030147810529902,7683.0,41431.0
61,Education,2021,0.08827051048838334,0.010080365520336148,7667.0,34594.0
61,Education,2022,0.09000417041638314,0.01049426115311787,8201.0,38928.0
61,Education,2023,0.08638740655979639,0.009867734972977332,8078.0,37329.0
62,Healthcare,1978,0.09918757680137016,0.028920127487407462,31157.0,169128.0
62,Healthcare,1979,0.09622983730556456,0.02690949407480958,31780.0,166888.0
62,Healthcare,1980,0.09470184252174292,0.024382860058768545,32612.0,156250.0
62,Healthcare,1981,0.09794930511467756,0.029343640822732876,35331.0,199369.0
62,Healthcare,1982,0.09465109457910034,0.026943983905761502,35497.0,190825.0
62,Healthcare,1983,0.09340381650551852,0.033294970822659566,36593.0,245530.0
62,Healthcare,1984,0.08738628843475599,0.028321195572487138,35389.0,217107.0
62,Healthcare,1985,0.08708874958599966,0.039170695668969704,36024.0,312714.0
62,Healthcare,1986,0.0853472501003613,0.028423532397235305,36142.0,245520.0
62,Healthcare,1987,0.08042187917436201,0.06766675408651707,34618.0,624911.0
62,Healthcare,1988,0.07822118785223721,0.029586457630729472,34282.0,279284.0
62,Healthcare,1989,0.0788598010634746,0.02445462634859848,35193.0,241074.0
62,Healthcare,1990,0.07705076409625856,0.021411824187916803,35092.0,222674.0
62,Healthcare,1991,0.0722568901623853,0.019096179455946515,33186.0,204368.0
62,Healthcare,1992,0.07022857595743359,0.02188200722024861,32786.0,246846.0
62,Healthcare,1993,0.07110877840873162,0.01904736585794098,33735.0,222823.0
62,Healthcare,1994,0.07041964899954625,0.017988975459028642,33677.0,215769.0
62,Healthcare,1995,0.07243910598042333,0.02058325838022336,34864.0,253424.0
62,Healthcare,1996,0.07307320447745022,0.020097820141946495,35069.0,249137.0
62,Healthcare,1997,0.07523425707339051,0.021595474827473538,36235.0,276339.0
62,Healthcare,1998,0.07350507037741351,0.020750461524031226,35793.0,282286.0
62,Healthcare,1999,0.06970366075797385,0.01676990306800041,33904.0,230004.0
62,Healthcare,2000,0.07104490044241013,0.017667629854987772,34799.0,247488.0
62,Healthcare,2001,0.07267799352750809,0.01714221321217298,35932.0,244763.0
62,Healthcare,2002,0.07827869652654391,0.022946140283420863,40092.0,340700.0
62,Healthcare,2003,0.07738811540336339,0.016472967876855565,40643.0,252743.0
62,Healthcare,2004,0.07950140100813087,0.01800888643903284,42758.0,282409.0
62,Healthcare,2005,0.07790007695365639,0.01769444458585972,42719.0,281529.0
62,Healthcare,2006,0.07684664033605608,0.016512549175663492,42844.0,271169.0
62,Healthcare,2007,0.07468109985117993,0.015679754697760187,42153.0,262676.0
62,Healthcare,2008,0.0732313052744487,0.01424688163107176,41783.0,244399.0
62,Healthcare,2009,0.06766281218210883,0.013391094823810193,39111.0,234029.0
62,Healthcare,2010,0.06417873382601026,0.015839443766838976,37473.0,280858.0
62,Healthcare,2011,0.0644281839034267,0.012334117251572544,37835.0,222053.0
62,Healthcare,2012,0.06428990972905174,0.013492529863430372,37981.0,246739.0
62,Healthcare,2013,0.06615247101757883,0.012658519744113434,39299.0,233301.0
62,Healthcare,2014,0.068060671686379,0.013756235090582615,40667.0,256988.0
62,Healthcare,2015,0.06781369424094254,0.012901581226488226,40636.0,246482.0
62,Healthcare,2016,0.07188271349291808,0.013942454003715389,43392.0,273326.0
62,Healthcare,2017,0.07163744377940912,0.01319998989485879,43435.0,265433.0
62,Healthcare,2018,0.07098793160243165,0.014802293025564564,42669.0,303035.0
62,Healthcare,2019,0.07294288344176715,0.014148629816446701,44140.0,294408.0
62,Healthcare,2020,0.07544487386042772,0.013917171253392861,45797.0,295111.0
62,Healthcare,2021,0.0782845284458348,0.013227924792297568,48022.0,273790.0
62,Healthcare,2022,0.08208918081005448,0.01475128236369117,51129.0,312122.0
62,Healthcare,2023,0.08510901137468681,0.015242001037296345,53738.0,335287.0
71,Arts/Entertainment,1978,0.15333489351743507,0.06653855758513366,6552.0,43698.0
71,Arts/Entertainment,1979,0.14932448975049523,0.05613189443027115,6709.0,39780.0
71,Arts/Entertainment,1980,0.14010669879103385,0.054300686789084875,6513.0,39303.0
71,Arts/Entertainment,1981,0.1359529225183114,0.05880652680652681,6515.0,44149.0
71,Arts/Entertainment,1982,0.14506895919489884,0.055635331748934216,7121.0,42231.0
71,Arts/Entertainment,1983,0.160983587851587,0.062119679107007525,8465.0,47459.0
71,Arts/Entertainment,1984,0.15394538016437548,0.06287816833648875,8354.0,50515.0
71,Arts/Entertainment,1985,0.151403499403713,0.05802496807196707,8506.0,49705.0
71,Arts/Entertainment,1986,0.14489467398265626,0.06085882469035056,8371.0,54889.0
71,Arts/Entertainment,1987,0.14525120616465212,0.06100847450523474,8520.0,58226.0
71,Arts/Entertainment,1988,0.16926560158168308,0.06173411228270163,10616.0,62388.0
71,Arts/Entertainment,1989,0.14933602904011395,0.055098148511957074,9750.0,58616.0
71,Arts/Entertainment,1990,0.12723564241898414,0.05233346804659907,8359.0,59567.0
71,Arts/Entertainment,1991,0.11573691241015202,0.046226654196533115,7278.0,51799.0
71,Arts/Entertainment,1992,0.1159748427672956,0.04938518034913144,7376.0,56657.0
71,Arts/Entertainment,1993,0.11901868449035394,0.055086486428404344,7835.0,66646.0
71,Arts/Entertainment,1994,0.12078053650872891,0.051899795010210144,8226.0,65954.0
71,Arts/Entertainment,1995,0.11847514814709802,0.05051495282025705,8357.0,67657.0
71,Arts/Entertainment,1996,0.11620001664955462,0.048628171477297505,8375.0,67122.0
71,Arts/Entertainment,1997,0.10856959623760788,0.04354600536370559,8126.0,65761.0
71,Arts/Entertainment,1998,0.10539516655780536,0.03909293434947994,8068.0,61365.0
71,Arts/Entertainment,1999,0.09818705850564212,0.031616918023133905,7631.0,51117.0
71,Arts/Entertainment,2000,0.09629554347273743,0.030226588137230365,7580.0,52291.0
71,Arts/Entertainment,2001,0.09419194165258384,0.029737625051776226,7413.0,51835.0
71,Arts/Entertainment,2002,0.1036425690350605,0.03632090149797623,8351.0,64547.0
71,Arts/Entertainment,2003,0.11121386450163938,0.03294749175726859,9260.0,60457.0
71,Arts/Entertainment,2004,0.12027823843744241,0.03693259144143116,10444.0,69608.0
71,Arts/Entertainment,2005,0.11649048862782903,0.0378206770319014,10392.0,73229.0
71,Arts/Entertainment,2006,0.11777388639597242,0.03700835578099696,10761.0,73310.0
71,Arts/Entertainment,2007,0.10985418448315057,0.03113788388336598,10148.0,63192.0
71,Arts/Entertainment,2008,0.10446463504760249,0.029842367182898184,9612.0,61556.0
71,Arts/Entertainment,2009,0.09021315911040718,0.02592130074429619,8202.0,52017.0
71,Arts/Entertainment,2010,0.0836419032369261,0.029284786505981528,7522.0,58349.0
71,Arts/Entertainment,2011,0.08951782671166506,0.02646082350629719,8037.0,52794.0
71,Arts/Entertainment,2012,0.09333641120344721,0.031051222448619548,8491.0,64066.0
71,Arts/Entertainment,2013,0.09436007501111075,0.028280865893821068,8705.0,59742.0
71,Arts/Entertainment,2014,0.09569127574126292,0.02868401319459066,8959.0,62122.0
71,Arts/Entertainment,2015,0.09874983028188873,0.02936992881620734,9455.0,65495.0
71,Arts/Entertainment,2016,0.10467823235288164,0.027709293763017073,10342.0,64007.0
71,Arts/Entertainment,2017,0.10550785423178886,0.030409967259749295,10666.0,72179.0
71,Arts/Entertainment,2018,0.10527631186857764,0.02857602313686846,10952.0,69481.0
71,Arts/Entertainment,2019,0.10682794694563796,0.031029469661013727,11437.0,76688.0
71,Arts/Entertainment,2020,0.10875875646719473,0.030456832262969732,11877.0,75310.0
71,Arts/Entertainment,2021,0.10504689342743219,0.02912093342499548,11223.0,53331.0
71,Arts/Entertainment,2022,0.11238264444096079,0.029414145799045055,12904.0,67216.0
71,Arts/Entertainment,2023,0.10567428648721763,0.02761109688102039,12500.0,68235.0
72,Accomm/Food Svc,1978,0.15801646194049665,0.09400850533254884,45230.0,490682.0
72,Accomm/Food Svc,1979,0.14974732105612276,0.08115392841080853,43796.0,450037.0
72,Accomm/Food Svc,1980,0.13634028738544993,0.07394952269984205,39813.0,417676.0
72,Accomm/Food Svc,1981,0.13653057037340993,0.07351532159567267,39927.0,423384.0
72,Accomm/Food Svc,1982,0.13254433353110373,0.0710582469085892,38201.0,415162.0
72,Accomm/Food Svc,1983,0.1533473913247866,0.07680671395805246,45669.0,459809.0
72,Accomm/Food Svc,1984,0.1526616616914436,0.07316666653625038,46180.0,467520.0
72,Accomm/Food Svc,1985,0.1490192954328942,0.07518218201029654,44894.0,502196.0
72,Accomm/Food Svc,1986,0.1568458903660153,0.07760257546504633,47806.0,549092.0
72,Accomm/Food Svc,1987,0.15525909427878654,0.07730092889856856,47960.0,572572.0
72,Accomm/Food Svc,1988,0.1474379934414156,0.06751907036150431,46444.0,517005.0
72,Accomm/Food Svc,1989,0.14617945377129712,0.06683491315204905,46897.0,530771.0
72,Accomm/Food Svc,1990,0.1423691327677873,0.06295861025557897,46219.0,512677.0
72,Accomm/Food Svc,1991,0.13648481033748636,0.060163920432440926,44235.0,477860.0
72,Accomm/Food Svc,1992,0.1300355225214001,0.0577777810583299,42793.0,469659.0
72,Accomm/Food Svc,1993,0.1300261946693108,0.056047957196482305,43930.0,461462.0
72,Accomm/Food Svc,1994,0.13137901814443917,0.06097772981554403,45117.0,520527.0
72,Accomm/Food Svc,1995,0.13072898360637,0.05809876177009024,45749.0,513173.0
72,Accomm/Food Svc,1996,0.1318111448560576,0.05759133551065366,46743.0,519101.0
72,Accomm/Food Svc,1997,0.12878150026433788,0.05500216027835306,46039.0,507686.0
72,Accomm/Food Svc,1998,0.11620962979597609,0.05005048430988683,41916.0,473248.0
72,Accomm/Food Svc,1999,0.1059767163963924,0.046200791357895746,38224.0,444121.0
72,Accomm/Food Svc,2000,0.1011557558309342,0.041412556633990176,36366.0,409709.0
72,Accomm/Food Svc,2001,0.10435982720786122,0.04010891204343008,37808.0,400102.0
72,Accomm/Food Svc,2002,0.11519951711311952,0.04855578223135278,42369.0,489156.0
72,Accomm/Food Svc,2003,0.11924845506624177,0.04608422070847481,44942.0,480897.0
72,Accomm/Food Svc,2004,0.1304986884747953,0.05277436170920079,50696.0,567531.0
72,Accomm/Food Svc,2005,0.134744393085958,0.05677347899221824,53609.0,626293.0
72,Accomm/Food Svc,2006,0.1346941980828789,0.05543219111966998,54886.0,632891.0
72,Accomm/Food Svc,2007,0.12873985953986533,0.052752366681983104,53417.0,612373.0
72,Accomm/Food Svc,2008,0.12624692751322245,0.051164583308082545,52800.0,607877.0
72,Accomm/Food Svc,2009,0.11497198598822171,0.046692099365908034,48182.0,533980.0
72,Accomm/Food Svc,2010,0.10998787850258317,0.045037250643883635,46730.0,508894.0
72,Accomm/Food Svc,2011,0.11062156880990044,0.04464925595682511,47554.0,515792.0
72,Accomm/Food Svc,2012,0.11096736804158054,0.044928461779047225,48635.0,538260.0
72,Accomm/Food Svc,2013,0.10843338299301843,0.044163264501401185,48256.0,546562.0
72,Accomm/Food Svc,2014,0.10823583258161847,0.04544741348194789,48715.0,580463.0
72,Accomm/Food Svc,2015,0.10550329855548289,0.04717922449107094,48073.0,622250.0
72,Accomm/Food Svc,2016,0.10808302305791165,0.04491716722301348,50423.0,615100.0
72,Accomm/Food Svc,2017,0.10670363814481103,0.04453848884734158,50757.0,624139.0
72,Accomm/Food Svc,2018,0.10566452181359014,0.04388605865158366,51087.0,628171.0
72,Accomm/Food Svc,2019,0.10523783113663056,0.043268990119818045,51612.0,626710.0
72,Accomm/Food Svc,2020,0.10231010315837125,0.040505255168730804,50174.0,582359.0
72,Accomm/Food Svc,2021,0.09443968531830277,0.03616729519445983,45641.0,439781.0
72,Accomm/Food Svc,2022,0.1037922143509559,0.04146640547485181,52613.0,570472.0
72,Accomm/Food Svc,2023,0.10774742551000022,0.042268743514541914,55548.0,615656.0
81,Other Services,1978,0.11427270340536559,0.05318317596175935,49184.0,168303.0
81,Other Services,1979,0.10640654726390562,0.049962465468380866,47261.0,166588.0
81,Other Services,1980,0.09702329112793372,0.04459137247450643,43448.0,149257.0
81,Other Services,1981,0.09460900685420534,0.04686879490831687,42403.0,159327.0
81,Other Services,1982,0.09498614484470448,0.04629779983599389,42745.0,159665.0
81,Other Services,1983,0.10330212121278463,0.04823149724071848,47185.0,166005.0
81,Other Services,1984,0.16172625016132716,0.070533386190511,81451.0,264392.0
81,Other Services,1985,0.10927189177682779,0.05085643656285145,55953.0,199103.0
81,Other Services,1986,0.10297586141594918,0.04859837630207722,53833.0,196878.0
81,Other Services,1987,0.09735585570234728,0.04632694882105131,51422.0,188430.0
81,Other Services,1988,0.0940436132438512,0.04514426399940592,50587.0,189672.0
81,Other Services,1989,0.0930955670339845,0.04488529720954006,51078.0,196792.0
81,Other Services,1990,0.0906941037993597,0.04215812666028318,50623.0,191171.0
81,Other Services,1991,0.08194497022788143,0.03622297098439853,46323.0,164063.0
81,Other Services,1992,0.07904351928088135,0.03483102240454609,45409.0,159573.0
81,Other Services,1993,0.0774543015837532,0.03339124991559042,45042.0,155762.0
81,Other Services,1994,0.07806463003076004,0.033437677469042845,45986.0,158209.0
81,Other Services,1995,0.08002976389539161,0.03541294535047636,47861.0,173037.0
81,Other Services,1996,0.07869692411946515,0.03444659215194815,47614.0,171900.0
81,Other Services,1997,0.07610427794547818,0.03288142127413499,45608.0,161713.0
81,Other Services,1998,0.07332473396744023,0.03135378834720005,44396.0,158061.0
81,Other Services,1999,0.06752493242229182,0.027925324183313602,40943.0,143368.0
81,Other Services,2000,0.06582868306333717,0.02732985379816853,39896.0,144323.0
81,Other Services,2001,0.062272767766346014,0.024459066604321598,37048.0,128314.0
81,Other Services,2002,0.06771429887962926,0.03030507157248462,41147.0,159709.0
81,Other Services,2003,0.068740785581082,0.028968729547876854,42243.0,155496.0
81,Other Services,2004,0.07061329025330602,0.030251312059500463,43535.0,163850.0
81,Other Services,2005,0.07113400729115495,0.030476337042364687,44020.0,163180.0
81,Other Services,2006,0.07231831377619477,0.030518604419840358,44466.0,165374.0
81,Other Services,2007,0.06934410422266342,0.029623131232136522,42646.0,159042.0
81,Other Services,2008,0.06847728296926323,0.027800020629926155,42091.0,151196.0
81,Other Services,2009,0.0596898299737302,0.024794799135980337,36514.0,130296.0
81,Other Services,2010,0.05822199719073596,0.02600606256692319,35647.0,135037.0
81,Other Services,2011,0.06031948359684602,0.02471408099005345,36911.0,128031.0
81,Other Services,2012,0.06169635828206549,0.026267946339511527,38088.0,137203.0
81,Other Services,2013,0.060287525119802135,0.02461375412779309,37440.0,129500.0
81,Other Services,2014,0.06046638308780531,0.026023685249995633,37741.0,138552.0
81,Other Services,2015,0.06170002341103568,0.02523750095085518,38742.0,136359.0
81,Other Services,2016,0.06579657385222161,0.026091794199038006,41823.0,143419.0
81,Other Services,2017,0.064643084244586,0.025831193312454433,41375.0,142211.0
81,Other Services,2018,0.06420744661026424,0.027335811891893824,41346.0,152824.0
81,Other Services,2019,0.06458695269805317,0.027112106688819415,41861.0,152478.0
81,Other Services,2020,0.0666823608854637,0.02831922518822139,43055.0,159018.0
81,Other Services,2021,0.07032585785609033,0.028453817274812804,45244.0,145836.0
81,Other Services,2022,0.07336545557934981,0.029087858843227617,48511.0,159203.0
81,Other Services,2023,0.07322597405699816,0.02817189190693542,49045.0,159938.0
