,PC1,PC2,PC3,PC4
Analyzing Data or Information,0.1904750182788045,-0.024042883500411345,-0.2776628124251739,-0.06355152105836447
Assisting and Caring for Others,0.08898939724661126,0.04687436851467092,0.229132683347181,0.4066119641732819
Coaching and Developing Others,0.18069510128429067,0.07365827552448605,0.1809618687977087,-0.08611722694441776
Communicating with People Outside the Organization,0.18548348206669454,-0.09018038058248264,0.06288270518058976,0.04104053909743102
"Communicating with Supervisors, Peers, or Subordinates",0.18493366858844246,0.029525412919937107,-0.05871622490054614,0.13418469819021334
Controlling Machines and Processes,-0.09183606922059383,0.3133275872104199,-0.04677948310581614,0.0285404215466088
Coordinating the Work and Activities of Others,0.17570644806667796,0.12791894650840857,0.1815471881458174,-0.10165338272924766
Developing Objectives and Strategies,0.21068196674774817,0.02341724814761409,0.019636541281707817,-0.1938868443959655
Developing and Building Teams,0.19272574733008604,0.08010825132943619,0.17275631580102835,-0.04405641981362169
Documenting/Recording Information,0.17867061576812868,0.007878984515098735,-0.16124148991618106,0.2996351189449028
"Drafting, Laying Out, and Specifying Technical Devices, Parts, and Equipment",0.001725687799756588,0.24346265789428578,-0.13129557572730224,-0.24584036173226229
Establishing and Maintaining Interpersonal Relationships,0.18894486254377768,-0.10624761234078899,0.15581414117698567,0.1181488592681886
"Estimating the Quantifiable Characteristics of Products, Events, or Information",0.08639602499142585,0.2231045427344391,-0.1677675325825143,-0.19167211085742866
Evaluating Information to Determine Compliance with Standards,0.1361923705632342,0.12898485932807383,-0.15316949468788138,0.23430416979833948
Getting Information,0.1793728774288403,-0.023352652180416975,-0.19660347848901688,0.12699668700877176
"Guiding, Directing, and Motivating Subordinates",0.1827748801233403,0.12405511125418198,0.1751635010792216,-0.14045840647301397
Handling and Moving Objects,-0.11522592188908669,0.2822734004391744,0.1133307631355879,0.10274288234791466
"Identifying Objects, Actions, and Events",0.13219446671069005,0.14996606932343914,-0.19237374571102472,0.17860267472911232
"Inspecting Equipment, Structures, or Materials",-0.05502383144217324,0.34050725921299974,-0.013012410943346209,0.08176468128496071
Interpreting the Meaning of Information for Others,0.20802041229728366,-0.045923789670493556,-0.1313126014338142,0.02913799411873763
"Judging the Qualities of Objects, Services, or People",0.14459474153073956,0.1504936743222826,0.01662406918265502,-0.02931786429499618
Making Decisions and Solving Problems,0.20341392903327918,0.08257548488983622,-0.12713129974076123,-0.0016456068586699459
"Monitoring Processes, Materials, or Surroundings",0.06698759344595664,0.27055435813034373,-0.11033935162725407,0.17774714509367465
Monitoring and Controlling Resources,0.1370527242524683,0.14235821587589975,0.1472932542938912,-0.15228014145289503
"Operating Vehicles, Mechanized Devices, or Equipment",-0.06289221319665167,0.2846630547038472,0.03783746099272754,0.06619157424828029
"Organizing, Planning, and Prioritizing Work",0.20634865029406124,0.0009014997566402115,-0.02426732925934605,-0.07654770484196416
Performing Administrative Activities,0.17932448837110748,-0.06555175231585464,0.07502207933196486,0.17721075348904688
Performing General Physical Activities,-0.09859637768756283,0.2664881868915775,0.1777445252693956,0.13476858827825058
Performing for or Working Directly with the Public,0.0823190133624338,-0.06360410278272224,0.28404627049238435,0.30664795583273347
Processing Information,0.17659108150241837,-0.007021259695130166,-0.28245237811042295,0.06945881724920992
Providing Consultation and Advice to Others,0.21381490960046218,0.01750210222883744,0.029802782772449216,-0.11557696560066955
Repairing and Maintaining Electronic Equipment,-0.02887472561836661,0.2692100155752046,-0.12275296371964667,0.0040052167461493895
Repairing and Maintaining Mechanical Equipment,-0.08542237081669081,0.316155088710895,-0.02595734862018025,-0.036236115824733024
Resolving Conflicts and Negotiating with Others,0.16834959131258312,-0.00870528556859423,0.24772736589226366,0.14394758827214774
Scheduling Work and Activities,0.19262498162895494,0.05722970478632343,0.0981527516427884,-0.12153629757929765
Selling or Influencing Others,0.11596223874378578,-0.01523464239935265,0.23010334962539106,-0.13461720336185345
Staffing Organizational Units,0.17349597909147907,0.0720001312484202,0.1981864607781845,-0.08301226800320657
Thinking Creatively,0.15568755167339177,-0.02004617608396522,1.3963127039563612e-05,-0.3393478566592897
Training and Teaching Others,0.16074389097310995,0.0827353153742683,0.08888657884732667,-0.049520748217516564
Updating and Using Relevant Knowledge,0.20459586261295212,-0.015683845480535943,-0.16870299906424216,0.0555631124197291
Working with Computers,0.1752908646934848,-0.12541279899195107,-0.20717329957135106,0.03132934593933465
