soc_2018_harmonized,occ_title,employment,median_wage,growth_profile_score,aioe_score
11-9032,"Education Administrators, Kindergarten through Secondary",319630.0,104070.0,3.273342110478829,1.048811
11-3121,Human Resources Managers,215520.0,140030.0,3.2375905256917514,1.320417
11-1011,Chief Executives,211850.0,206420.0,3.231713955537331,
11-9111,Medical and Health Services Managers,565840.0,117960.0,3.1645954828034997,1.260259
11-3131,Training and Development Managers,44960.0,127090.0,3.1108077360477386,1.284423
19-3032,Industrial-Organizational Psychologists,1050.0,109840.0,3.1095970854995545,1.402475
11-2022,Sales Managers,603710.0,138060.0,3.0876182401588466,1.26628
29-1217,Neurologists,7700.0,,3.0262356912340977,
19-3051,Urban and Regional Planners,43040.0,83720.0,3.02221934188724,1.227516
13-1111,Management Analysts,893900.0,101190.0,3.013677306505255,1.432417
11-9161,Emergency Management Directors,12570.0,86130.0,2.9948429590828956,1.030768
11-9033,"Education Administrators, Postsecondary",176420.0,103960.0,2.9789317099907864,1.461149
11-3061,Purchasing Managers,81240.0,139510.0,2.9750505693897273,1.423426
27-3031,Public Relations Specialists,280590.0,69780.0,2.974800229472517,1.284927
13-1131,Fundraisers,105930.0,66490.0,2.9589289641828582,1.242567
19-3099,"Social Scientists and Related Workers, All Other",36970.0,100340.0,2.9536913016059683,1.328048
11-1021,General and Operations Managers,3584420.0,102950.0,2.938580514580077,0.5748773
25-1072,"Nursing Instructors and Teachers, Postsecondary",74250.0,79940.0,2.9338941111776515,0.5170682
21-1091,Health Education Specialists,65150.0,63000.0,2.931137156723886,0.691658
11-9021,Construction Managers,348330.0,106980.0,2.9227929892317266,1.029139
25-1041,"Agricultural Sciences Teachers, Postsecondary",8700.0,86350.0,2.918717244536859,0.7546685
25-1066,"Psychology Teachers, Postsecondary",41610.0,80330.0,2.9152340096454825,1.33366
11-9171,Funeral Home Managers,13120.0,76830.0,2.9115672564641435,
19-1041,Epidemiologists,11460.0,83980.0,2.90791683573292,1.436287
11-9031,"Education and Childcare Administrators, Preschool and Daycare",71620.0,56270.0,2.897957862574372,0.838007
11-9131,Postmasters and Mail Superintendents,13810.0,92730.0,2.8808214367930822,0.8233757
29-1229,"Physicians, All Other",315360.0,,2.880552911282327,
25-1061,"Anthropology and Archeology Teachers, Postsecondary",5260.0,95770.0,2.8789592378646827,1.321694
11-9081,Lodging Managers,41350.0,68130.0,2.8775123841952395,0.4021726
29-1041,Optometrists,41890.0,134830.0,2.874746758449436,0.5040194
11-2021,Marketing Managers,384980.0,161030.0,2.873878520143059,1.315032
23-1011,Lawyers,747750.0,151160.0,2.8737860626043292,1.328783
21-1021,"Child, Family, and School Social Workers",382960.0,58570.0,2.8710360714659506,0.7761707
25-9031,Instructional Coordinators,210850.0,74720.0,2.8709866668019894,1.301855
11-9179,"Personal Service Managers, All Other",10490.0,61340.0,2.865880534804539,
33-1012,First-Line Supervisors of Police and Detectives,153130.0,105980.0,2.864022970681812,-0.1923298
29-1181,Audiologists,14730.0,92120.0,2.8612547382430638,0.6329063
13-1121,"Meeting, Convention, and Event Planners",134670.0,59440.0,2.860546620812661,0.3740207
29-2081,"Opticians, Dispensing",79690.0,46560.0,2.8593414733926465,0.1013966
21-1094,Community Health Workers,60730.0,51030.0,2.8533705263455236,0.0371229
35-1011,Chefs and Head Cooks,182320.0,60990.0,2.8528354656424244,-0.2676433
11-3021,Computer and Information Systems Managers,645970.0,171200.0,2.845718489825786,1.059853
33-1021,First-Line Supervisors of Firefighting and Prevention Workers,93680.0,92430.0,2.8428555969576506,-0.593021
41-1012,First-Line Supervisors of Non-Retail Sales Workers,219010.0,84130.0,2.8418935733602577,1.316195
11-3071,"Transportation, Storage, and Distribution Managers",213000.0,102010.0,2.839992804904679,0.8907923
33-1011,First-Line Supervisors of Correctional Officers,53390.0,76310.0,2.8390939312331205,-0.5584278
11-9141,"Property, Real Estate, and Community Association Managers",296640.0,66700.0,2.838661191829329,1.215396
43-4111,"Interviewers, Except Eligibility and Loan",157310.0,43830.0,2.838236120241807,1.297031
17-1011,"Architects, Except Landscape and Naval",111140.0,96690.0,2.837857576527032,1.047142
25-1113,"Social Work Teachers, Postsecondary",13350.0,76210.0,2.8338034586002308,1.347327
13-2052,Personal Financial Advisors,270480.0,102140.0,2.832565310622876,1.400749
33-9032,Security Guards,1241770.0,38370.0,2.831092069265723,-0.3908421
29-1022,Oral and Maxillofacial Surgeons,5330.0,,2.829767086773545,-0.2389668
21-2021,"Directors, Religious Activities and Education",21460.0,54840.0,2.829646666337752,1.210922
29-1161,Nurse Midwives,8280.0,128790.0,2.8274319048109033,0.1966265
25-1031,"Architecture Teachers, Postsecondary",9120.0,101480.0,2.8271808223462034,1.222022
25-2022,"Middle School Teachers, Except Special and Career/Technical Education",620370.0,62970.0,2.8269910627349777,1.286445
21-1023,Mental Health and Substance Abuse Social Workers,125910.0,60060.0,2.819344895642101,1.119216
13-1151,Training and Development Specialists,436610.0,65850.0,2.815732791601739,1.198409
11-9199,"Managers, All Other",630980.0,136550.0,2.807554652871773,0.9646872
29-1171,Nurse Practitioners,307390.0,129210.0,2.8065830428779868,0.1900572
11-9151,Social and Community Service Managers,195490.0,78240.0,2.797410018739562,1.156153
29-1218,Obstetricians and Gynecologists,19900.0,,2.7946611537263606,
39-9032,Recreation Workers,309640.0,35380.0,2.794582338033075,-0.2441154
17-1012,Landscape Architects,19580.0,79660.0,2.7941175255741033,1.034388
19-1011,Animal Scientists,2470.0,79120.0,2.793508040094309,1.041358
41-9022,Real Estate Sales Agents,190600.0,56320.0,2.7925199562862537,0.8649445
11-3111,Compensation and Benefits Managers,20070.0,140360.0,2.7912765638440433,1.298235
27-1025,Interior Designers,69580.0,63490.0,2.791061390843439,1.12168
29-1021,"Dentists, General",113490.0,172790.0,2.790767193794209,-0.1813301
11-3031,Financial Managers,818620.0,161700.0,2.7884714178643586,1.446232
25-1042,"Biological Science Teachers, Postsecondary",53250.0,83460.0,2.7869685102643555,1.227677
21-1015,Rehabilitation Counselors,88930.0,46110.0,2.7855098148500894,0.5025014
17-2081,Environmental Engineers,37950.0,104170.0,2.782748258131472,1.343561
25-1043,"Forestry and Conservation Science Teachers, Postsecondary",1310.0,100830.0,2.781693937557736,1.260278
25-1193,"Recreation and Fitness Studies Teachers, Postsecondary",12680.0,75890.0,2.7813317317526773,1.16489
25-2058,"Special Education Teachers, Secondary School",162780.0,69590.0,2.780920230197793,
13-1161,Market Research Analysts and Marketing Specialists,861140.0,76950.0,2.7805941057456396,1.426757
19-3022,Survey Researchers,7720.0,63380.0,2.7787056429743373,1.42653
21-1012,"Educational, Guidance, and Career Counselors and Advisors",342350.0,65140.0,2.7783987622833046,0.9739287
29-1141,Registered Nurses,3282010.0,93600.0,2.775335447273472,0.2294097
25-1123,"English Language and Literature Teachers, Postsecondary",59590.0,78270.0,2.7692984787935533,1.417833
13-2011,Accountants and Auditors,1448290.0,81680.0,2.769149362836172,1.481956
17-2051,Civil Engineers,355410.0,99590.0,2.768446897517372,1.282867
25-1082,"Library Science Teachers, Postsecondary",4100.0,78630.0,2.767309489203017,1.386292
25-1062,"Area, Ethnic, and Cultural Studies Teachers, Postsecondary",11430.0,84290.0,2.767240458663423,1.308699
29-1241,"Ophthalmologists, Except Pediatric",12110.0,,2.766532071791109,
25-1081,"Education Teachers, Postsecondary",59090.0,72090.0,2.766233209382374,1.192988
19-5011,Occupational Health and Safety Specialists,128430.0,83910.0,2.758207029228726,
27-2022,Coaches and Scouts,250940.0,45920.0,2.7580618045089818,0.1168668
43-1011,First-Line Supervisors of Office and Administrative Support Workers,1495580.0,66140.0,2.7564269405345536,1.038688
25-9021,Farm and Home Management Educators,10260.0,58120.0,2.7546889241139936,0.8604031
29-1223,Psychiatrists,24800.0,,2.750930733321058,
19-3041,Sociologists,2950.0,101690.0,2.7505103327810545,1.411125
19-3039,"Psychologists, All Other",17790.0,117580.0,2.747138537146426,1.389854
25-1121,"Art, Drama, and Music Teachers, Postsecondary",97890.0,80190.0,2.7440836485124263,0.7582769
37-1011,First-Line Supervisors of Housekeeping and Janitorial Workers,174660.0,47520.0,2.7399571112888066,-0.5854128
43-5031,Public Safety Telecommunicators,101140.0,50730.0,2.7374798348482354,0.9074452
25-2032,"Career/Technical Education Teachers, Secondary School",104450.0,63910.0,2.736227733943817,0.3734505
13-1071,Human Resources Specialists,917460.0,72910.0,2.7338287763086355,1.36005
29-1151,Nurse Anesthetists,50350.0,223210.0,2.7310709113402103,0.2413191
21-1022,Healthcare Social Workers,185940.0,68090.0,2.730672504004283,0.9339648
29-9099,"Healthcare Practitioners and Technical Workers, All Other",36970.0,64030.0,2.7228565533360176,0.2295568
25-1021,"Computer Science Teachers, Postsecondary",36240.0,96690.0,2.715138531636943,1.277778
29-1023,Orthodontists,5150.0,,2.712755716937595,0.1616631
25-1032,"Engineering Teachers, Postsecondary",39910.0,106120.0,2.7117118632400024,1.351133
13-1081,Logisticians,235640.0,80880.0,2.7070105298150997,1.297303
17-2171,Petroleum Engineers,18970.0,141280.0,2.705473221052925,1.247779
19-1021,Biochemists and Biophysicists,34520.0,103650.0,2.70512156617431,0.9060509
25-2057,"Special Education Teachers, Middle School",95330.0,64880.0,2.7030416524313083,
17-2151,"Mining and Geological Engineers, Including Mining Safety Engineers",6770.0,101020.0,2.7016343751137653,1.34695
11-9041,Architectural and Engineering Managers,210340.0,167740.0,2.6946394974360057,0.8370105
19-1023,Zoologists and Wildlife Biologists,16920.0,72860.0,2.69081086283371,0.3175953
11-9071,Gambling Managers,4620.0,85580.0,2.6902112456209593,0.8299207
19-3033,Clinical and Counseling Psychologists,72190.0,95830.0,2.6838699954075507,
29-1011,Chiropractors,37630.0,79000.0,2.6819108747207068,-0.1911757
19-5012,Occupational Health and Safety Technicians,31450.0,58440.0,2.6802463624548634,
19-3091,Anthropologists and Archeologists,8070.0,64910.0,2.6797143289597734,0.6965665
19-3094,Political Scientists,5950.0,139380.0,2.6729510906959515,1.418863
25-4011,Archivists,7050.0,61570.0,2.6728225128780423,0.6765602
11-3013,Facilities Managers,141090.0,104690.0,2.6721484625089356,
19-1029,"Biological Scientists, All Other",59710.0,93330.0,2.6676882563566373,1.010193
39-6012,Concierges,44200.0,37320.0,2.6645686976622422,0.855832
13-1199,"Business Operations Specialists, All Other",1128200.0,81270.0,2.660454435999534,1.047687
21-1092,Probation Officers and Correctional Treatment Specialists,86820.0,64520.0,2.660176074532371,0.5272448
25-1122,"Communications Teachers, Postsecondary",29260.0,77800.0,2.6562492045431982,1.347435
25-1054,"Physics Teachers, Postsecondary",13590.0,97360.0,2.656196112660503,1.044191
29-1031,Dietitians and Nutritionists,76570.0,73850.0,2.6554210255396407,1.342809
19-1031,Conservation Scientists,25590.0,67950.0,2.6535090189027017,0.0690313
29-1129,"Therapists, All Other",19320.0,65010.0,2.6522534582716184,
19-1013,Soil and Plant Scientists,16600.0,71410.0,2.651935975143995,0.6320696
17-2111,"Health and Safety Engineers, Except Mining Safety Engineers and Inspectors",23220.0,109660.0,2.650856672522323,0.9948935
25-1126,"Philosophy and Religion Teachers, Postsecondary",20840.0,78050.0,2.6474684254215686,1.363522
29-1125,Recreational Therapists,15060.0,60280.0,2.6469241073931755,0.2190109
11-3012,Administrative Services Managers,254140.0,108390.0,2.645193751639003,
15-1299,"Computer Occupations, All Other",439380.0,108970.0,2.6450602573650173,
27-2032,Choreographers,3430.0,55600.0,2.6435647148510606,-1.575769
11-3051,Industrial Production Managers,234380.0,121440.0,2.6426024433919397,0.5086878
25-1064,"Geography Teachers, Postsecondary",3290.0,86730.0,2.640741854426119,1.318899
13-2061,Financial Examiners,62830.0,90400.0,2.639735465991169,1.526064
13-1051,Cost Estimators,219530.0,77070.0,2.6391272574814666,1.367669
17-2131,Materials Engineers,22770.0,108310.0,2.6387622184852915,1.037278
11-9121,Natural Sciences Managers,100870.0,161180.0,2.6335639527298977,1.327906
19-2099,"Physical Scientists, All Other",22580.0,117960.0,2.630908874645273,1.140157
15-2031,Operations Research Analysts,107760.0,91290.0,2.62818001683073,1.40002
19-2042,"Geoscientists, Except Hydrologists and Geographers",22510.0,99240.0,2.622087975522589,0.7143481
33-3052,Transit and Railroad Police,3000.0,82320.0,2.6218388592037947,-0.8205515
25-2031,"Secondary School Teachers, Except Special and Career/Technical Education",1072540.0,64580.0,2.620482061504307,1.191325
33-3051,Police and Sheriff's Patrol Officers,666990.0,76290.0,2.6192979032951667,-0.6681123
39-4031,"Morticians, Undertakers, and Funeral Arrangers",25700.0,49800.0,2.6178199698267304,-0.1903759
29-1221,"Pediatricians, General",42960.0,210130.0,2.6165385061297446,
25-2023,"Career/Technical Education Teachers, Middle School",14200.0,63620.0,2.6121857656959726,0.5199191
13-2099,"Financial Specialists, All Other",127450.0,80190.0,2.6119288486258725,1.361362
25-1053,"Environmental Science Teachers, Postsecondary",7130.0,87710.0,2.6108076718636517,1.347519
37-1012,"First-Line Supervisors of Landscaping, Lawn Service, and Groundskeeping Workers",124130.0,56170.0,2.60795591335702,-0.5548871
19-2041,"Environmental Scientists and Specialists, Including Health",84930.0,80060.0,2.6066529761187742,1.014113
29-1213,Dermatologists,10080.0,,2.6031587781304535,
21-2011,Clergy,58080.0,60820.0,2.6022571913625723,1.282559
13-1075,Labor Relations Specialists,64590.0,93500.0,2.598081340825906,1.334834
39-9041,Residential Advisors,82810.0,39180.0,2.5979395268555447,0.4746119
29-1123,Physical Therapists,248630.0,101020.0,2.594601988406927,-0.3581922
29-1127,Speech-Language Pathologists,178790.0,95410.0,2.5943233440977114,1.146267
21-1093,Social and Human Service Assistants,424220.0,45120.0,2.5934403119635427,0.4652255
25-1065,"Political Science Teachers, Postsecondary",17170.0,94680.0,2.590089864461227,1.368397
31-9092,Medical Assistants,793460.0,44200.0,2.5895237829021505,0.1497917
19-2043,Hydrologists,5720.0,92060.0,2.587414693452948,0.6405071
29-1224,Radiologists,26290.0,,2.5836265531675378,
33-3012,Correctional Officers and Jailers,365380.0,57970.0,2.5834004939072472,-0.8875365
17-2071,Electrical Engineers,188790.0,111910.0,2.5833772419848704,1.126725
27-4021,Photographers,51230.0,42520.0,2.5812617179845376,-0.1680973
13-1041,Compliance Officers,397770.0,78420.0,2.579860825297771,0.6981205
15-2011,Actuaries,28340.0,125770.0,2.579262505510203,1.516474
17-2041,Chemical Engineers,20330.0,121860.0,2.5785076076546942,1.341336
29-1122,Occupational Therapists,152280.0,98340.0,2.5775285236829997,0.1151615
29-1299,"Healthcare Diagnosing or Treating Practitioners, All Other",30870.0,113730.0,2.5759198563486763,
25-2021,"Elementary School Teachers, Except Special Education",1393310.0,62340.0,2.57488713979587,0.8869491
17-2161,Nuclear Engineers,14740.0,127520.0,2.574158866460982,1.303009
15-2041,Statisticians,29800.0,103300.0,2.5723536420279904,1.382724
31-9097,Phlebotomists,138880.0,43660.0,2.570863265874068,-0.2778475
15-1211,Computer Systems Analysts,497800.0,103790.0,2.5682728504849828,
33-2021,Fire Inspectors and Investigators,14050.0,78060.0,2.565461117977596,0.062793
49-9095,Manufactured Building and Mobile Home Installers,2610.0,41080.0,2.5650580858657714,-1.414062
29-2051,Dietetic Technicians,29950.0,37040.0,2.564574554595304,-0.1260282
21-1013,Marriage and Family Therapists,65870.0,63780.0,2.562189097189497,1.367434
25-1125,"History Teachers, Postsecondary",19860.0,81500.0,2.560455595437673,1.43749
25-1051,"Atmospheric, Earth, Marine, and Space Sciences Teachers, Postsecondary",11480.0,101390.0,2.5593419417764314,1.306156
27-1022,Fashion Designers,20910.0,80690.0,2.55917259138059,0.5801539
27-3011,Broadcast Announcers and Radio Disc Jockeys,23880.0,45680.0,2.5584512783780347,0.8493547
25-4012,Curators,12280.0,61770.0,2.558346633911569,0.7366658
25-1071,"Health Specialties Teachers, Postsecondary",229720.0,105620.0,2.5573311888784165,0.924754
43-4161,"Human Resources Assistants, Except Payroll and Timekeeping",92580.0,49440.0,2.557321518710567,1.353098
19-1032,Foresters,9650.0,70660.0,2.5570928239491484,-0.184381
33-9099,"Protective Service Workers, All Other",83110.0,41600.0,2.5549396113757616,0.0764088
25-1067,"Sociology Teachers, Postsecondary",12380.0,82540.0,2.5532803279345013,1.349229
29-1216,General Internal Medicine Physicians,66640.0,236350.0,2.5523951981216086,
29-9092,Genetic Counselors,3510.0,98910.0,2.5494875576035114,1.527667
43-4051,Customer Service Representatives,2725930.0,42830.0,2.549456496522041,0.9562519
29-1081,Podiatrists,9520.0,152800.0,2.548529154028338,0.6279185
13-2081,"Tax Examiners and Collectors, and Revenue Agents",53530.0,59740.0,2.5449091008347637,1.36682
41-1011,First-Line Supervisors of Retail Sales Workers,1113160.0,47320.0,2.5446816190282546,0.0191826
41-3011,Advertising Sales Agents,97470.0,61460.0,2.544426031893074,1.162588
31-2012,Occupational Therapy Aides,5000.0,37370.0,2.5430882603243714,-0.7734322
43-4041,"Credit Authorizers, Checkers, and Clerks",11960.0,49130.0,2.5415132802712987,1.440296
29-1128,Exercise Physiologists,8110.0,58160.0,2.54041553667295,-0.0331901
17-2061,Computer Hardware Engineers,75710.0,155020.0,2.5379999565997355,1.141812
15-1221,Computer and Information Research Scientists,38480.0,140910.0,2.536607551564726,
39-1022,First-Line Supervisors of Personal Service Workers,107060.0,47080.0,2.5345308219247933,
47-2211,Sheet Metal Workers,117470.0,60850.0,2.5329276699399284,-1.174972
13-2072,Loan Officers,290530.0,74180.0,2.5320641564019746,1.385739
17-2021,Agricultural Engineers,1680.0,84630.0,2.531814566236322,0.9409636
17-2031,Bioengineers and Biomedical Engineers,21860.0,106950.0,2.531484531654902,0.9874239
43-6013,Medical Secretaries and Administrative Assistants,830760.0,44640.0,2.5310359782021896,1.217982
29-1071,Physician Assistants,155540.0,133260.0,2.5307263021176705,0.1059147
19-2021,Atmospheric and Space Scientists,8780.0,97450.0,2.529852584119956,1.373917
13-1031,"Claims Adjusters, Examiners, and Investigators",305020.0,76790.0,2.528639614150496,1.274024
29-2091,Orthotists and Prosthetists,9930.0,78310.0,2.5286169588510403,0.066577
41-9021,Real Estate Brokers,49590.0,72280.0,2.5233261701686116,1.149681
15-2051,Data Scientists,233440.0,112590.0,2.522703019109222,
25-1052,"Chemistry Teachers, Postsecondary",20390.0,86220.0,2.522265739558206,1.333947
25-4022,Librarians and Media Collections Specialists,131830.0,64320.0,2.5217871690747824,
19-3093,Historians,3140.0,74050.0,2.5197839792950134,1.098921
25-2012,"Kindergarten Teachers, Except Special Education",114410.0,61430.0,2.518929211553488,0.3644047
41-3031,"Securities, Commodities, and Financial Services Sales Agents",472300.0,78140.0,2.5171122221103843,1.256298
25-1011,"Business Teachers, Postsecondary",81780.0,97270.0,2.5158061547902486,1.349314
31-2011,Occupational Therapy Assistants,47910.0,68340.0,2.514210628787622,-0.3153762
19-3011,Economists,15880.0,115440.0,2.5122038427036673,1.403764
25-1192,"Family and Consumer Sciences Teachers, Postsecondary",2630.0,77280.0,2.5120220865440936,1.211652
25-1194,"Career/Technical Education Teachers, Postsecondary",111150.0,61490.0,2.511433993600055,0.1622185
27-1011,Art Directors,50370.0,111040.0,2.5111224803752026,1.02251
27-1024,Graphic Designers,214260.0,61300.0,2.5111088420672854,0.7156958
27-2012,Producers and Directors,145270.0,83480.0,2.5097027994108316,0.9388108
25-1112,"Law Teachers, Postsecondary",22800.0,126650.0,2.5086394112659924,1.35645
15-1253,Software Quality Assurance Analysts and Testers,199800.0,102610.0,2.5070003954714326,
33-3011,Bailiffs,16910.0,57050.0,2.5030567083236255,-0.5103183
19-1012,Food Scientists and Technologists,14370.0,85310.0,2.5009020644798694,0.7943575
49-1011,"First-Line Supervisors of Mechanics, Installers, and Repairers",600680.0,78300.0,2.5003283958078164,-0.0205169
29-1222,"Physicians, Pathologists",11800.0,,2.49929772875513,
11-9013,"Farmers, Ranchers, and Other Agricultural Managers",5910.0,87980.0,2.4959765292125025,-0.1443684
29-1211,Anesthesiologists,41890.0,,2.4948126382870464,
13-1141,"Compensation, Benefits, and Job Analysis Specialists",102370.0,77020.0,2.494608424259351,1.440985
15-1243,Database Architects,64770.0,135980.0,2.49139956831018,
33-2022,Forest Fire Inspectors and Prevention Specialists,2780.0,52380.0,2.489066222936592,-0.2144127
19-2012,Physicists,21340.0,166290.0,2.487393196356967,1.345736
17-1022,Surveyors,53080.0,72740.0,2.486269553450279,0.1460606
19-3092,Geographers,1380.0,97200.0,2.486010994257065,1.436298
25-1111,"Criminal Justice and Law Enforcement Teachers, Postsecondary",13560.0,71470.0,2.482766772252688,1.389999
27-2041,Music Directors and Composers,12330.0,63670.0,2.482384751931677,0.8829641
29-2061,Licensed Practical and Licensed Vocational Nurses,632430.0,62340.0,2.482317215690521,-0.5137373
13-1032,"Insurance Appraisers, Auto Damage",7790.0,76650.0,2.481708445607936,0.6634955
43-4151,Order Clerks,83420.0,44660.0,2.4816228085200898,0.8388861
31-9091,Dental Assistants,375430.0,47300.0,2.4813234415636667,-0.5268759
51-1011,First-Line Supervisors of Production and Operating Workers,685140.0,71190.0,2.479452776134708,-0.0845282
29-1292,Dental Hygienists,219070.0,94260.0,2.4773982605503337,
27-4032,Film and Video Editors,28860.0,70980.0,2.473988554136468,0.985707
29-2099,"Health Technologists and Technicians, All Other",174060.0,48790.0,2.473558493445769,-0.283854
25-2051,"Special Education Teachers, Preschool",28200.0,62190.0,2.4727768160852586,0.3750564
25-3041,Tutors,174660.0,40090.0,2.4719554937623167,
41-2022,Parts Salespersons,265060.0,37440.0,2.470952830619368,-0.1184909
53-2012,Commercial Pilots,51830.0,122670.0,2.4670736910009317,-0.1817332
13-2053,Insurance Underwriters,107820.0,79880.0,2.464859185339053,1.326652
19-1022,Microbiologists,19760.0,87330.0,2.4630636376469113,0.6955647
33-3021,Detectives and Criminal Investigators,110790.0,93580.0,2.4628632270029276,0.2257696
11-2011,Advertising and Promotions Managers,21100.0,126960.0,2.4605335071879755,1.294387
53-1041,Aircraft Cargo Handling Supervisors,10160.0,63940.0,2.45942440027436,
19-4071,Forest and Conservation Technicians,31080.0,54310.0,2.4589958581920515,
15-1241,Computer Network Architects,177010.0,130390.0,2.4579255367878217,
19-2011,Astronomers,1560.0,132170.0,2.453834912872428,1.373737
13-2082,Tax Preparers,73570.0,50560.0,2.4481017586452136,1.29371
13-2071,Credit Counselors,28110.0,50480.0,2.447543716978822,1.385381
53-2022,Airfield Operations Specialists,16640.0,56750.0,2.4458993962118054,0.4845738
19-2032,Materials Scientists,8330.0,104160.0,2.444311211026715,1.032757
31-9095,Pharmacy Aides,41100.0,37000.0,2.4438673714839636,-0.1552654
41-9041,Telemarketers,66430.0,34410.0,2.4397616153145667,1.118129
25-2059,"Special Education Teachers, All Other",39350.0,67430.0,2.4378094772701075,-0.6632917
35-1012,First-Line Supervisors of Food Preparation and Serving Workers,1187460.0,42010.0,2.437150431849779,-0.2575492
15-1255,Web and Digital Interface Designers,111400.0,98090.0,2.4369678422044756,
43-4081,"Hotel, Motel, and Resort Desk Clerks",261430.0,34270.0,2.435077372853696,0.6063127
17-2011,Aerospace Engineers,68440.0,134830.0,2.431826659522708,1.338738
15-2021,Mathematicians,2220.0,121680.0,2.431687702630773,1.472319
33-9031,Gambling Surveillance Officers and Gambling Investigators,10000.0,43900.0,2.430417993722626,0.7283933
39-2011,Animal Trainers,20110.0,38750.0,2.4291677865875023,-0.9167759
25-3021,Self-Enrichment Teachers,308520.0,45590.0,2.428755846176835,0.526352
25-1022,"Mathematical Science Teachers, Postsecondary",48820.0,79350.0,2.4276149734096832,1.338676
33-9021,Private Detectives and Investigators,38700.0,52370.0,2.4255498343679687,0.7483108
47-3013,Helpers--Electricians,64440.0,39890.0,2.423653371366739,-1.506896
41-9031,Sales Engineers,56690.0,121520.0,2.4233116108705794,1.145416
27-3041,Editors,95480.0,75260.0,2.422542107719906,1.128221
27-4014,Sound Engineering Technicians,13050.0,66430.0,2.4223959394926817,0.4715462
17-2112,Industrial Engineers,350230.0,101140.0,2.418927865985718,1.13787
29-1051,Pharmacists,328870.0,137480.0,2.4174888647918706,0.6058705
29-1291,Acupuncturists,8440.0,78140.0,2.415277005481501,
23-1023,"Judges, Magistrate Judges, and Magistrates",25580.0,156210.0,2.4149984523837897,1.496494
15-1251,Computer Programmers,109870.0,98670.0,2.411470929152558,
25-1063,"Economics Teachers, Postsecondary",12420.0,119980.0,2.41132071968405,1.319012
29-1215,Family Medicine Physicians,107950.0,238380.0,2.4109843986185333,
43-9111,Statistical Assistants,5900.0,51440.0,2.4100194568480826,1.389965
47-4051,Highway Maintenance Workers,151750.0,49070.0,2.408025944387159,-1.27909
27-3091,Interpreters and Translators,53360.0,59440.0,2.407468766798543,1.111319
47-4011,Construction and Building Inspectors,137210.0,72120.0,2.405291235212712,0.2860245
15-1254,Web Developers,78860.0,90930.0,2.4043500350835973,
43-5032,"Dispatchers, Except Police, Fire, and Ambulance",211000.0,48880.0,2.4024423714114898,1.234523
47-2111,Electricians,742580.0,62350.0,2.3994853723047354,-0.7796905
33-3031,Fish and Game Wardens,6420.0,68180.0,2.3967998327484983,-0.4585168
41-9091,"Door-to-Door Sales Workers, News and Street Vendors, and Related Workers",4590.0,34530.0,2.3944006821178747,1.107101
41-3041,Travel Agents,59150.0,48450.0,2.3939625735017427,1.133598
33-9011,Animal Control Workers,11790.0,45830.0,2.390870949206979,-0.5946321
17-2141,Mechanical Engineers,286760.0,102320.0,2.3906116302408247,1.004709
17-2199,"Engineers, All Other",150750.0,117750.0,2.3904813032722285,0.787566
29-1131,Veterinarians,80630.0,125510.0,2.390142433706266,-0.0749958
43-4061,"Eligibility Interviewers, Government Programs",156260.0,51500.0,2.3893245326436667,1.226286
43-3071,Tellers,339340.0,39340.0,2.3877010565683627,0.4727723
31-1133,Psychiatric Aides,34900.0,41590.0,2.387688328808522,
29-2035,Magnetic Resonance Imaging Technologists,41530.0,88180.0,2.3775384008142177,-0.0727627
17-1021,Cartographers and Photogrammetrists,12790.0,78380.0,2.3763682483340207,0.8169979
29-9093,Surgical Assistants,22860.0,60290.0,2.3719001211961204,
31-2021,Physical Therapist Assistants,108010.0,65510.0,2.367577620548203,-0.5308535
33-2011,Firefighters,332240.0,59530.0,2.3664108945382374,-1.320232
19-4061,Social Science Research Assistants,32940.0,58040.0,2.36559996209985,1.204652
29-2052,Pharmacy Technicians,487920.0,43460.0,2.3641468098178855,0.0070256
13-1011,"Agents and Business Managers of Artists, Performers, and Athletes",14220.0,96310.0,2.3586143020599697,1.068559
47-5013,"Service Unit Operators, Oil and Gas",44120.0,57980.0,2.3583073587245678,-0.971916
19-1042,"Medical Scientists, Except Epidemiologists",156300.0,100590.0,2.3577008226594156,1.279928
43-6011,Executive Secretaries and Executive Administrative Assistants,472770.0,74260.0,2.355427535536228,1.079643
29-2036,Medical Dosimetrists,3970.0,138110.0,2.353180067258481,
29-1124,Radiation Therapists,18700.0,101990.0,2.348731474274573,-0.2189393
15-1212,Information Security Analysts,179430.0,124910.0,2.347377353620206,
19-3034,School Psychologists,63830.0,86930.0,2.346108743237997,
35-3011,Bartenders,745610.0,33530.0,2.3441383177213373,-0.6159883
29-2092,Hearing Aid Specialists,10580.0,61560.0,2.3438613227178076,0.5648953
53-2021,Air Traffic Controllers,22400.0,144580.0,2.341865844382635,1.152798
27-2021,Athletes and Sports Competitors,14370.0,62360.0,2.3397572269466798,-1.814336
17-2072,"Electronics Engineers, Except Computer",93940.0,127590.0,2.3356674098943886,0.6654578
29-9091,Athletic Trainers,28950.0,60250.0,2.3341823122029677,-0.3311363
27-1014,Special Effects Artists and Animators,21280.0,99800.0,2.3328342388290926,0.7058651
39-5012,"Hairdressers, Hairstylists, and Cosmetologists",295460.0,35250.0,2.3283687666534556,-0.6824517
49-2021,"Radio, Cellular, and Tower Equipment Installers and Repairers",11400.0,64190.0,2.326599888677699,-0.6335382
19-2031,Chemists,83250.0,84150.0,2.3223309918144093,0.5011251
43-5111,"Weighers, Measurers, Checkers, and Samplers, Recordkeeping",49720.0,45650.0,2.3222953893957254,-0.1860789
43-5011,Cargo and Freight Agents,97800.0,49900.0,2.3197821662644977,1.405415
43-4131,Loan Interviewers and Clerks,173100.0,48950.0,2.3197151138340075,1.364395
41-4012,"Sales Representatives, Wholesale and Manufacturing, Except Technical and Scientific Products",1266860.0,66780.0,2.3171272632912405,0.8224681
51-8012,Power Distributors and Dispatchers,9180.0,107240.0,2.315985282726299,0.5012214
47-3016,Helpers--Roofers,5170.0,40590.0,2.314395308246571,-1.89822
47-1011,First-Line Supervisors of Construction Trades and Extraction Workers,806080.0,78690.0,2.3139073006129314,-0.3054048
33-3041,Parking Enforcement Workers,7770.0,47150.0,2.313478117723884,-0.6239931
29-2056,Veterinary Technologists and Technicians,131320.0,45980.0,2.3132409963589984,-0.3623179
47-5032,"Explosives Workers, Ordnance Handling Experts, and Blasters",5680.0,59110.0,2.311456932783148,
19-4013,Food Science Technicians,14200.0,49430.0,2.311340832372276,
25-3011,"Adult Basic Education, Adult Secondary Education, and English as a Second Language Instructors",36260.0,59950.0,2.310731545948091,1.348951
15-1242,Database Administrators,73180.0,104620.0,2.310650584461699,
17-2121,Marine Engineers and Naval Architects,8440.0,105670.0,2.3069832931662098,0.5472173
27-3023,"News Analysts, Reporters, and Journalists",41550.0,60280.0,2.30644941514665,
51-9081,Dental Laboratory Technicians,33920.0,48310.0,2.3055836105352427,0.0013206
25-9044,"Teaching Assistants, Postsecondary",155010.0,44930.0,2.3045996729282976,
43-4181,Reservation and Transportation Ticket Agents and Travel Clerks,127440.0,41460.0,2.304434594399261,0.227312
31-2022,Physical Therapist Aides,44010.0,34520.0,2.3037918507836603,-0.8823265
29-1126,Respiratory Therapists,136420.0,80450.0,2.3005660462689934,-0.1880507
13-2041,Credit Analysts,67370.0,80970.0,2.295166220257096,1.345268
15-1232,Computer User Support Specialists,697210.0,60340.0,2.2929148703861273,
49-2096,"Electronic Equipment Installers and Repairers, Motor Vehicles",10140.0,47940.0,2.2919005396995376,-0.7915968
43-9031,Desktop Publishers,4000.0,53620.0,2.2883914022580294,0.3437743
49-9094,Locksmiths and Safe Repairers,15550.0,50490.0,2.2876076597593786,-0.8657498
15-2099,"Mathematical Science Occupations, All Other",4660.0,71490.0,2.285838309113538,
29-2057,Ophthalmic Medical Technicians,76520.0,44080.0,2.2835214291203605,0.078734
25-1124,"Foreign Language and Literature Teachers, Postsecondary",21170.0,77010.0,2.2748295545737056,1.33412
27-1027,Set and Exhibit Designers,10850.0,66280.0,2.2742927415691017,-0.0519323
47-2061,Construction Laborers,1057660.0,46730.0,2.272679780310434,-1.622988
47-5081,Helpers--Extraction Workers,6720.0,48400.0,2.2726299390140783,-1.543154
31-9096,Veterinary Assistants and Laboratory Animal Caretakers,114190.0,37320.0,2.271356608997867,-0.7735824
29-2053,Psychiatric Technicians,136300.0,42590.0,2.271191065787297,-0.2203484
39-9031,Exercise Trainers and Group Fitness Instructors,303620.0,46180.0,2.2694950871485813,-2.111948
49-3091,Bicycle Repairers,12590.0,40360.0,2.266346106792643,-0.9226068
19-4042,"Environmental Science and Protection Technicians, Including Health",39390.0,49490.0,2.2662101373810457,
43-6012,Legal Secretaries and Administrative Assistants,154540.0,54140.0,2.262718818507386,1.014541
11-9051,Food Service Managers,244230.0,65310.0,2.260735990654828,-0.1213112
23-1022,"Arbitrators, Mediators, and Conciliators",7860.0,67710.0,2.259179010904658,1.431593
27-4012,Broadcast Technicians,21080.0,53920.0,2.2546815460472347,0.1222249
43-3061,Procurement Clerks,59900.0,48510.0,2.2543471173244636,1.487838
29-2033,Nuclear Medicine Technologists,16960.0,97020.0,2.2497159140819902,0.0855276
31-9099,"Healthcare Support Workers, All Other",103650.0,46050.0,2.249297227258226,0.1660077
49-9044,Millwrights,40660.0,65170.0,2.2490992363725266,-1.266085
41-2012,Gambling Change Persons and Booth Cashiers,21930.0,34810.0,2.2473848479525804,-0.0500926
45-2011,Agricultural Inspectors,12090.0,50990.0,2.246911824345554,0.1704867
23-1021,"Administrative Law Judges, Adjudicators, and Hearing Officers",16230.0,115230.0,2.2445288389409983,1.374714
17-3022,Civil Engineering Technologists and Technicians,62130.0,64200.0,2.242667058039164,0.9323219
43-4141,New Accounts Clerks,38030.0,46610.0,2.2396424263430763,1.174998
17-3029,"Engineering Technologists and Technicians, Except Drafters, All Other",64410.0,77390.0,2.239546206287809,0.1941278
39-5091,"Makeup Artists, Theatrical and Performance",3320.0,50280.0,2.239286510473417,-0.4596138
41-3021,Insurance Sales Agents,469480.0,60370.0,2.234654778538474,1.341258
43-9021,Data Entry Keyers,135280.0,39850.0,2.233304660807473,0.3108081
51-8031,Water and Wastewater Treatment Plant and System Operators,126750.0,58260.0,2.2329919612742164,-0.44501
49-2097,Audiovisual Equipment Installers and Repairers,22170.0,50620.0,2.2282366812531404,-0.571284
17-3011,Architectural and Civil Drafters,109550.0,64280.0,2.2265808863769068,0.9233925
31-9093,Medical Equipment Preparers,72760.0,46490.0,2.224475121235484,-0.7308648
19-4092,Forensic Science Technicians,19450.0,67440.0,2.223932411890958,0.2400518
43-4031,"Court, Municipal, and License Clerks",170010.0,47700.0,2.223920107301904,1.166267
41-4011,"Sales Representatives, Wholesale and Manufacturing, Technical and Scientific Products",293930.0,100070.0,2.214513909948154,0.8911985
27-1026,Merchandise Displayers and Window Trimmers,192480.0,37350.0,2.213002998526998,-1.001413
49-3011,Aircraft Mechanics and Service Technicians,136390.0,78680.0,2.2112308608456814,-0.6551197
27-3042,Technical Writers,55530.0,91670.0,2.2105014403165097,1.184001
29-2032,Diagnostic Medical Sonographers,86460.0,89340.0,2.208978297401392,-0.264054
39-6011,Baggage Porters and Bellhops,31220.0,36020.0,2.2087893735802466,-1.272015
27-3043,Writers and Authors,47800.0,72270.0,2.208613481823115,0.9879274
41-2021,Counter and Rental Clerks,398620.0,38540.0,2.206487288465709,0.0784367
43-4171,Receptionists and Information Clerks,964530.0,37230.0,2.20640713107365,1.013186
13-2031,Budget Analysts,47170.0,87930.0,2.2061399580375265,1.502988
31-9011,Massage Therapists,96040.0,57950.0,2.2011858374963564,-1.410233
51-3021,Butchers and Meat Cutters,140040.0,38960.0,2.2001492933595204,-0.9709924
47-2141,"Painters, Construction and Maintenance",224180.0,48660.0,2.196532382737712,-1.58799
51-8021,Stationary Engineers and Boiler Operators,30780.0,75190.0,2.195602947882315,-0.5032496
45-1011,"First-Line Supervisors of Farming, Fishing, and Forestry Workers",29530.0,59330.0,2.195275619558254,-0.4791843
41-9011,Demonstrators and Product Promoters,64770.0,37960.0,2.189854399322973,0.1235652
51-5112,Printing Press Operators,145110.0,45160.0,2.18885278571433,-0.7093881
39-1013,First-Line Supervisors of Gambling Services Workers,25530.0,61590.0,2.186925619719091,
25-2011,"Preschool Teachers, Except Special Education",445080.0,37120.0,2.1829917286301734,0.0306372
47-2073,Operating Engineers and Other Construction Equipment Operators,469270.0,58710.0,2.181042549695211,-0.8815078
31-1131,Nursing Assistants,1388430.0,39530.0,2.1758873745518734,
15-1231,Computer Network Support Specialists,146450.0,73340.0,2.175029168827645,
51-9022,"Grinding and Polishing Workers, Hand",11850.0,41690.0,2.1732684710291696,-1.146524
35-2014,"Cooks, Restaurant",1452130.0,36830.0,2.171610122715096,-0.7418264
17-3023,Electrical and Electronic Engineering Technologists and Technicians,92710.0,77180.0,2.1696117205854297,0.3515252
17-3021,Aerospace Engineering and Operations Technologists and Technicians,9060.0,79830.0,2.1681306750711227,0.3909402
23-2011,Paralegals and Legal Assistants,367220.0,61010.0,2.1680416154119495,1.292055
33-9092,"Lifeguards, Ski Patrol, and Other Recreational Protective Service Workers",143590.0,33720.0,2.1651454041070806,-0.4718385
29-2055,Surgical Technologists,113890.0,62830.0,2.1628256327538153,-0.4830476
27-1021,Commercial and Industrial Designers,30250.0,79450.0,2.154868267764079,0.867039
23-2093,"Title Examiners, Abstractors, and Searchers",48170.0,54980.0,2.1536587636285716,1.279954
47-2043,Floor Sanders and Finishers,4140.0,49150.0,2.153205249329869,-1.748722
53-5021,"Captains, Mates, and Pilots of Water Vessels",35390.0,85540.0,2.1518824599313735,-0.4281868
43-5051,Postal Service Clerks,78060.0,61630.0,2.1502184295253177,-0.5186997
43-3031,"Bookkeeping, Accounting, and Auditing Clerks",1455770.0,49210.0,2.1495853550081527,1.039749
47-4061,Rail-Track Laying and Maintenance Equipment Operators,16480.0,67370.0,2.1488169105467523,-1.39906
19-4012,Agricultural Technicians,14340.0,46790.0,2.147454986193812,
51-4034,"Lathe and Turning Machine Tool Setters, Operators, and Tenders, Metal and Plastic",18970.0,48620.0,2.1470297034600394,-1.06734
27-4011,Audio and Video Technicians,70080.0,54830.0,2.142600252279308,-0.0117747
35-2012,"Cooks, Institution and Cafeteria",448260.0,36450.0,2.142351325913719,-0.6360813
49-9052,Telecommunications Line Installers and Repairers,98360.0,70500.0,2.1419768115289837,-1.083883
51-5111,Prepress Technicians and Workers,23070.0,47300.0,2.1408741550459616,0.4107973
43-3011,Bill and Account Collectors,165020.0,46040.0,2.139177771306695,1.271991
53-4013,"Rail Yard Engineers, Dinkey Operators, and Hostlers",3300.0,58030.0,2.1366338984979962,-0.8320907
27-4031,"Camera Operators, Television, Video, and Film",24460.0,68810.0,2.1365174449723314,-0.4470009
43-2021,Telephone Operators,3950.0,39130.0,2.1357259297850213,1.019712
53-5031,Ship Engineers,8580.0,101320.0,2.1341983883226376,-0.5264951
47-2031,Carpenters,697740.0,59310.0,2.1333401737031954,-1.323631
37-2021,Pest Control Workers,96110.0,44730.0,2.1316775990828924,-0.7255374
37-3012,"Pesticide Handlers, Sprayers, and Applicators, Vegetation",25200.0,45200.0,2.1314498947103604,-0.8847935
41-2031,Retail Salespersons,3800250.0,34580.0,2.13102147832798,0.0873069
43-4021,Correspondence Clerks,6260.0,46740.0,2.130808061013944,1.149758
47-4041,Hazardous Materials Removal Workers,50570.0,48490.0,2.128306524526806,-0.6887439
51-9162,Computer Numerically Controlled Tool Programmers,28230.0,65670.0,2.128227143267851,
17-3027,Mechanical Engineering Technologists and Technicians,37450.0,68730.0,2.1270770157225973,-0.1192367
39-4011,Embalmers,3420.0,56280.0,2.1261457797604684,-0.7311451
51-8011,Nuclear Power Reactor Operators,5720.0,122610.0,2.126098011553741,0.7705302
45-4023,Log Graders and Scalers,3310.0,46710.0,2.125912091650561,-0.4768305
51-9011,Chemical Equipment Operators and Tenders,127410.0,57090.0,2.11986063884198,-0.511521
51-6042,Shoe Machine Operators and Tenders,3270.0,38160.0,2.119670532171317,-1.029855
49-9021,"Heating, Air Conditioning, and Refrigeration Mechanics and Installers",396870.0,59810.0,2.118707766301325,-0.8491117
53-7051,Industrial Truck and Tractor Operators,805770.0,46390.0,2.117007738650302,-1.39869
51-4081,"Multiple Machine Tool Setters, Operators, and Tenders, Metal and Plastic",129850.0,46060.0,2.1162426280693443,-0.74266
47-2181,Roofers,136740.0,50970.0,2.1145826744045797,-1.752941
49-2091,Avionics Technicians,20900.0,81390.0,2.1122654144783373,-0.1728535
47-5012,"Rotary Drill Operators, Oil and Gas",13090.0,65010.0,2.110563132293487,-0.7737326
43-3041,Gambling Cage Workers,13490.0,36990.0,2.1071498807633415,0.4026518
53-2011,"Airline Pilots, Copilots, and Flight Engineers",99300.0,226600.0,2.1053355344661226,-0.2070626
27-2023,"Umpires, Referees, and Other Sports Officials",15080.0,38820.0,2.102318836247079,-0.0325617
37-2011,"Janitors and Cleaners, Except Maids and Housekeeping Cleaners",2199900.0,35930.0,2.1010565923979847,-1.436201
51-3091,"Food and Tobacco Roasting, Baking, and Drying Machine Operators and Tenders",19500.0,42730.0,2.1003503574506523,-0.758859
51-3022,"Meat, Poultry, and Fish Cutters and Trimmers",141090.0,37700.0,2.0980979719600557,-1.10563
49-9092,Commercial Divers,3430.0,61130.0,2.0976284885072367,-1.102728
53-7121,"Tank Car, Truck, and Ship Loaders",10920.0,58070.0,2.0960266978205504,-1.38776
43-5071,"Shipping, Receiving, and Inventory Clerks",857630.0,43190.0,2.094120845693179,-0.7463213
53-7073,Wellhead Pumpers,17350.0,70010.0,2.0932531918060087,-1.091197
39-9011,Childcare Workers,520180.0,32050.0,2.09251383739794,-0.3834794
53-2031,Flight Attendants,130110.0,67130.0,2.0919675635048347,-0.7621183
51-8092,Gas Plant Operators,15910.0,83400.0,2.0889968769709184,-0.2982082
19-4051,Nuclear Technicians,5990.0,104240.0,2.085500725110265,0.1696743
53-3011,"Ambulance Drivers and Attendants, Except Emergency Medical Technicians",12080.0,34330.0,2.0846537191693693,-0.8298703
17-3026,Industrial Engineering Technologists and Technicians,73410.0,64790.0,2.0845793156625074,0.6106679
49-2092,"Electric Motor, Power Tool, and Related Repairers",16570.0,53990.0,2.0837822707485936,-0.8106341
15-1244,Network and Computer Systems Administrators,318570.0,96800.0,2.0820893638772056,
43-4121,"Library Assistants, Clerical",80070.0,36010.0,2.080352336983314,0.2038919
35-3031,Waiters and Waitresses,2302690.0,33760.0,2.078960955803513,-0.9481003
33-9093,Transportation Security Screeners,46340.0,63360.0,2.078876159275239,-0.5068558
49-3052,Motorcycle Mechanics,14010.0,47200.0,2.07874604863467,-0.763721
35-9011,Dining Room and Cafeteria Attendants and Bartender Helpers,522010.0,32670.0,2.078130433939185,-1.927078
29-2031,Cardiovascular Technologists and Technicians,61180.0,67260.0,2.0780098035833983,-0.0909526
35-3041,"Food Servers, Nonrestaurant",271780.0,34460.0,2.077483869507242,-0.7270206
53-7072,"Pump Operators, Except Wellhead Pumpers",12600.0,60020.0,2.072770709633473,-0.8422927
39-3091,Amusement and Recreation Attendants,371590.0,30490.0,2.0715514724786206,-0.5246153
49-9071,"Maintenance and Repair Workers, General",1531700.0,48620.0,2.0672337639490044,-1.014408
43-9041,Insurance Claims and Policy Processing Clerks,229070.0,48450.0,2.064562146725095,1.240201
43-5061,"Production, Planning, and Expediting Clerks",385000.0,57770.0,2.0608268364281095,0.6999103
51-6092,Fabric and Apparel Patternmakers,2860.0,67670.0,2.057009035020308,-0.0831096
47-2051,Cement Masons and Concrete Finishers,205230.0,54660.0,2.0552209279928104,-1.777407
19-4099,"Life, Physical, and Social Science Technicians, All Other",71400.0,60130.0,2.0546852503287796,0.4501044
17-3012,Electrical and Electronics Drafters,20020.0,73720.0,2.0545922315280767,0.910166
49-9063,Musical Instrument Repairers and Tuners,5730.0,45320.0,2.0545814325768097,-0.5306271
47-2021,Brickmasons and Blockmasons,53520.0,60800.0,2.051596315097557,-1.75434
29-2034,Radiologic Technologists and Technicians,223460.0,77660.0,2.050980316683691,-0.5559037
43-3051,Payroll and Timekeeping Clerks,156950.0,55290.0,2.0504421179296193,1.257632
53-7064,"Packers and Packagers, Hand",601440.0,35580.0,2.0499784235061242,-1.51362
39-2021,Animal Caretakers,277300.0,33470.0,2.0484245148201943,-0.8890408
43-6014,"Secretaries and Administrative Assistants, Except Legal, Medical, and Executive",1737820.0,46290.0,2.047311318155381,1.099056
49-9099,"Installation, Maintenance, and Repair Workers, All Other",183690.0,48640.0,2.046981380849784,-0.5900791
51-4192,"Layout Workers, Metal and Plastic",5610.0,61870.0,2.044125000175486,-0.7221353
53-7061,Cleaners of Vehicles and Equipment,373960.0,35270.0,2.043363255553463,-1.629897
19-4031,Chemical Technicians,55640.0,57790.0,2.0424579517891113,0.0628057
51-8099,"Plant and System Operators, All Other",15950.0,61710.0,2.04174159886135,-0.6702387
51-7021,Furniture Finishers,14230.0,42530.0,2.0416099754699037,-1.197727
49-2022,"Telecommunications Equipment Installers and Repairers, Except Line Installers",153890.0,62630.0,2.036629162087486,-0.853048
51-9151,Photographic Process Workers and Processing Machine Operators,5550.0,40100.0,2.034076814567145,-0.3615806
47-5071,"Roustabouts, Oil and Gas",45330.0,47510.0,2.0332763136565353,-1.518977
45-2092,"Farmworkers and Laborers, Crop, Nursery, and Greenhouse",261690.0,35690.0,2.0281324897275286,-1.601349
51-2011,"Aircraft Structure, Surfaces, Rigging, and Systems Assemblers",32890.0,61680.0,2.0249137129797097,-0.8684706
47-2161,Plasterers and Stucco Masons,20880.0,56020.0,2.024010310845694,-1.755588
47-2152,"Plumbers, Pipefitters, and Steamfitters",455940.0,62970.0,2.023965952096971,-1.121219
53-7071,Gas Compressor and Gas Pumping Station Operators,5110.0,71510.0,2.0208759538695302,-0.6909992
49-3042,"Mobile Heavy Equipment Mechanics, Except Engines",180270.0,63980.0,2.019162035920194,-1.169815
49-9081,Wind Turbine Service Technicians,11220.0,62580.0,2.0175560208025654,-0.9709935
53-6041,Traffic Technicians,7580.0,58480.0,2.0153953958883895,0.3995872
17-3024,Electro-Mechanical and Mechatronics Technologists and Technicians,14680.0,70760.0,2.0145586373439466,-0.3040507
35-2015,"Cooks, Short Order",150420.0,35620.0,2.0097514098975044,-0.5933817
17-3031,Surveying and Mapping Technicians,56720.0,51940.0,2.009542365233775,0.0852324
43-3021,Billing and Posting Clerks,417500.0,47170.0,2.009441075652982,1.333455
51-9082,Medical Appliance Technicians,11490.0,47060.0,2.0089555068585887,-0.4949538
43-9022,Word Processors and Typists,36030.0,47850.0,2.0070637539225045,0.6219606
49-9031,Home Appliance Repairers,31940.0,49410.0,2.005641777958175,-0.9703799
49-3021,Automotive Body and Related Repairers,155220.0,51680.0,2.005499318387338,-1.180589
47-2121,Glaziers,57000.0,55440.0,2.0047873395251066,-1.388901
31-9094,Medical Transcriptionists,43070.0,37550.0,2.00186289261951,1.06259
45-2093,"Farmworkers, Farm, Ranch, and Aquacultural Animals",35420.0,36150.0,1.9989076052333834,-1.108432
49-9012,"Control and Valve Installers and Repairers, Except Mechanical Door",46920.0,74690.0,1.9965181310272824,-0.7606913
47-2042,"Floor Layers, Except Carpet, Wood, and Hard Tiles",24850.0,54340.0,1.9952600252158719,-1.301024
27-2042,Musicians and Singers,38350.0,,1.9930016333436984,-0.0040058
47-2022,Stonemasons,8750.0,51990.0,1.9907958209099526,-1.714759
39-5093,Shampooers,8890.0,31470.0,1.9898863860274316,-0.905371
35-3023,Fast Food and Counter Workers,3780930.0,30480.0,1.9846725225451776,
53-6051,Transportation Inspectors,23320.0,85750.0,1.9841855287066101,-0.18376
39-5094,Skincare Specialists,70240.0,41560.0,1.9833159999445333,-0.2628396
49-2098,Security and Fire Alarm Systems Installers,81510.0,59300.0,1.9822499795999693,-0.6926484
25-4013,Museum Technicians and Conservators,13070.0,47460.0,1.9800664070258263,-0.0912107
47-5022,"Excavating and Loading Machine and Dragline Operators, Surface Mining",34210.0,52550.0,1.9788820564107086,
17-3025,Environmental Engineering Technologists and Technicians,12500.0,58890.0,1.978743702621274,0.0438054
35-9021,Dishwashers,471670.0,33670.0,1.9760760853082817,-1.738612
49-3053,Outdoor Power Equipment and Other Small Engine Mechanics,34240.0,46560.0,1.9750533248594835,-0.8941408
49-3092,Recreational Vehicle Service Technicians,18710.0,50540.0,1.9742128118738116,-0.9244052
39-3092,Costume Attendants,6290.0,54810.0,1.9739344700833537,-0.4533608
51-6093,Upholsterers,20990.0,46190.0,1.9738386736717184,-1.313735
43-4011,Brokerage Clerks,40090.0,62940.0,1.971966069129829,1.144877
47-2132,"Insulation Workers, Mechanical",25640.0,57250.0,1.9666635762881022,-1.268615
17-3013,Mechanical Drafters,39900.0,68510.0,1.9643221774575104,0.8410071
51-9032,"Cutting and Slicing Machine Setters, Operators, and Tenders",47540.0,45700.0,1.9540959000014935,-1.079282
43-9061,"Office Clerks, General",2510550.0,43630.0,1.9539934528767902,0.9888986
35-9031,"Hosts and Hostesses, Restaurant, Lounge, and Coffee Shop",427150.0,30380.0,1.953160641347585,-0.0565477
51-9111,Packaging and Filling Machine Operators and Tenders,383860.0,40900.0,1.9517400265511204,-0.978608
45-4022,Logging Equipment Operators,22520.0,49210.0,1.951693273881697,-1.003702
51-9061,"Inspectors, Testers, Sorters, Samplers, and Weighers",591180.0,47460.0,1.9512672256808505,-0.0293395
49-2093,"Electrical and Electronics Installers and Repairers, Transportation Equipment",7310.0,82730.0,1.9512554178879973,-0.8303875
49-3093,Tire Repairers and Changers,106620.0,37120.0,1.9492658647007834,-1.550724
39-3012,Gambling and Sports Book Writers and Runners,7600.0,30460.0,1.9482607382644883,0.4652752
25-4031,Library Technicians,73770.0,39970.0,1.947982350421215,0.037965
53-4011,Locomotive Engineers,31990.0,77400.0,1.9469032314237962,-0.4977403
51-9193,Cooling and Freezing Equipment Operators and Tenders,6590.0,40160.0,1.9456487655339472,-0.9604952
51-9196,"Paper Goods Machine Setters, Operators, and Tenders",96950.0,49390.0,1.9441382866006278,-0.8740445
53-6031,Automotive and Watercraft Service Attendants,98270.0,34850.0,1.9433047910969061,-1.221489
47-3015,"Helpers--Pipelayers, Plumbers, Pipefitters, and Steamfitters",43640.0,39270.0,1.9389018295324272,-1.678876
49-2094,"Electrical and Electronics Repairers, Commercial and Industrial Equipment",59990.0,71300.0,1.9381305802600712,-0.4632031
53-5011,Sailors and Marine Oilers,31360.0,49610.0,1.934033461639771,-1.150001
51-9197,Tire Builders,20970.0,55580.0,1.9330535439541896,-1.610915
47-2011,Boilermakers,10170.0,73340.0,1.9321934135972172,-1.097532
19-4021,Biological Technicians,76190.0,52000.0,1.930431030576025,0.3012355
49-3023,Automotive Service Technicians and Mechanics,688840.0,49670.0,1.9281540364015108,-0.9547055
51-8013,Power Plant Operators,30720.0,99670.0,1.9274077643792369,-0.3482779
43-9071,"Office Machine Operators, Except Computer",24740.0,39020.0,1.9230533191227759,-0.5171404
51-4023,"Rolling Machine Setters, Operators, and Tenders, Metal and Plastic",22350.0,48630.0,1.9194979760620396,-1.08921
47-2231,Solar Photovoltaic Installers,28280.0,51860.0,1.9085316987585002,-0.9441692
53-7011,Conveyor Operators and Tenders,26060.0,41230.0,1.90676074835218,-0.7554432
51-9124,"Coating, Painting, and Spraying Machine Setters, Operators, and Tenders",159500.0,47590.0,1.9024192425151885,
53-3033,Light Truck Drivers,994410.0,44140.0,1.8964514727957535,-1.120501
49-2095,"Electrical and Electronics Repairers, Powerhouse, Substation, and Relay",23040.0,100940.0,1.896246592743088,-0.5522636
53-3052,"Bus Drivers, Transit and Intercity",148980.0,57440.0,1.8959144173892486,
45-4011,Forest and Conservation Workers,5630.0,43680.0,1.8943653624700751,-1.064205
51-9194,Etchers and Engravers,8390.0,40450.0,1.893856915952815,-0.6395226
53-7065,Stockers and Order Fillers,2779530.0,37090.0,1.8907764567837693,
47-4031,Fence Erectors,22640.0,46940.0,1.8876448460308295,-1.902113
47-2071,"Paving, Surfacing, and Tamping Equipment Operators",45680.0,51650.0,1.883464186496396,-1.184739
51-9192,"Cleaning, Washing, and Metal Pickling Equipment Operators and Tenders",13890.0,41460.0,1.8811150323332613,-1.141885
19-4043,"Geological Technicians, Except Hydrologic Technicians",9710.0,48390.0,1.88099896062315,
47-5023,"Earth Drillers, Except Oil and Gas",17410.0,59600.0,1.880845123389796,
43-2011,"Switchboard Operators, Including Answering Service",35730.0,38370.0,1.8798239294353143,0.9832644
49-9011,Mechanical Door Repairers,27970.0,51050.0,1.8777255563314044,-1.383152
53-7062,"Laborers and Freight, Stock, and Material Movers, Hand",2982530.0,38940.0,1.8714405107844398,-1.709183
51-2051,Fiberglass Laminators and Fabricators,18520.0,45760.0,1.8676190581497687,
51-6041,Shoe and Leather Workers and Repairers,7640.0,35950.0,1.862608003990576,-0.990912
51-4021,"Extruding and Drawing Machine Setters, Operators, and Tenders, Metal and Plastic",65700.0,46980.0,1.8615716364799795,-1.234352
49-9041,Industrial Machinery Mechanics,421940.0,63760.0,1.858984046757415,-1.133177
43-4071,File Clerks,78980.0,41270.0,1.8563731423612335,0.2839743
45-2091,Agricultural Equipment Operators,30940.0,42580.0,1.8544733746466497,-1.145156
51-4051,Metal-Refining Furnace Operators and Tenders,20330.0,55770.0,1.8524396978719926,-1.167465
51-9141,Semiconductor Processing Technicians,32150.0,51180.0,1.8513525903260108,-0.6372312
47-2171,Reinforcing Iron and Rebar Workers,14140.0,59280.0,1.8450725391863672,-1.970997
43-5041,"Meter Readers, Utilities",19620.0,49180.0,1.8429112981593636,-0.9723772
39-3031,"Ushers, Lobby Attendants, and Ticket Takers",119210.0,31150.0,1.8423766285617145,-0.2420959
27-1023,Floral Designers,40160.0,36120.0,1.8419993157495067,-0.2718452
47-4021,Elevator and Escalator Installers and Repairers,23340.0,106580.0,1.8375650164689323,-0.8604742
51-3092,Food Batchmakers,171660.0,40790.0,1.8357051972520966,-0.3791114
51-2041,Structural Metal Fabricators and Fitters,53380.0,49900.0,1.8355819048972766,-1.076307
49-3041,Farm Equipment Mechanics and Service Technicians,36880.0,52080.0,1.8347182087584415,-1.20703
51-4122,"Welding, Soldering, and Brazing Machine Setters, Operators, and Tenders",36290.0,47060.0,1.832968280668066,-1.002411
53-7021,Crane and Tower Operators,42000.0,66370.0,1.8316124607355304,-1.030619
49-9062,Medical Equipment Repairers,60830.0,62630.0,1.8271014158405456,-0.2768838
39-4021,Funeral Attendants,30560.0,34610.0,1.8223728688989123,-0.5445412
51-5113,Print Binding and Finishing Workers,36470.0,39820.0,1.8201163988049927,-0.9062089
53-5022,Motorboat Operators,2380.0,51880.0,1.818650137323987,-0.8871186
31-1132,Orderlies,53020.0,37700.0,1.8185818275079197,
51-4193,"Plating Machine Setters, Operators, and Tenders, Metal and Plastic",31510.0,41600.0,1.8178938241920453,-0.8999876
47-2053,Terrazzo Workers and Finishers,1450.0,57260.0,1.8137142605786079,-1.776065
23-1012,Judicial Law Clerks,13220.0,60400.0,1.8135421756073726,1.462973
49-3043,Rail Car Repairers,18300.0,65680.0,1.8121343706111632,-1.448102
51-6063,"Textile Knitting and Weaving Machine Setters, Operators, and Tenders",14530.0,38260.0,1.8083207311519456,-1.241662
49-9051,Electrical Power-Line Installers and Repairers,123680.0,92560.0,1.805653871327744,-1.081398
49-9098,"Helpers--Installation, Maintenance, and Repair Workers",97540.0,38860.0,1.8027627182543506,-1.346555
51-2021,"Coil Winders, Tapers, and Finishers",12170.0,47260.0,1.7980697435062516,-0.8289722
51-6091,"Extruding and Forming Machine Setters, Operators, and Tenders, Synthetic and Glass Fibers",14900.0,44980.0,1.7977831354277964,-0.8596925
35-2021,Food Preparation Workers,888770.0,34220.0,1.7970419020169257,-1.226416
51-3011,Bakers,231890.0,36650.0,1.7959658806776189,-0.3852989
49-3031,Bus and Truck Mechanics and Diesel Engine Specialists,287230.0,60640.0,1.795465770946167,-1.010472
53-7041,Hoist and Winch Operators,2480.0,52310.0,1.7894104465002438,-0.9781997
51-9041,"Extruding, Forming, Pressing, and Compacting Machine Setters, Operators, and Tenders",57310.0,45130.0,1.7889003709572957,-1.042151
53-4031,Railroad Conductors and Yardmasters,42710.0,74080.0,1.7873276352423673,-0.4662731
45-2021,Animal Breeders,1730.0,52000.0,1.782384220228526,-1.044292
51-9023,"Mixing and Blending Machine Setters, Operators, and Tenders",100840.0,47680.0,1.7818190898287305,-0.819664
51-4033,"Grinding, Lapping, Polishing, and Buffing Machine Tool Setters, Operators, and Tenders, Metal and Plastic",70110.0,45190.0,1.7805843173841518,-0.9901662
53-6011,Bridge and Lock Tenders,2720.0,58490.0,1.7802275020956377,-0.6322159
51-4041,Machinists,298790.0,56150.0,1.7786085923677957,-0.8675535
47-2044,Tile and Stone Setters,38740.0,52240.0,1.7783109625046294,-1.22543
51-9031,"Cutters and Trimmers, Hand",7070.0,38800.0,1.7772490042970672,-0.9479839
51-9083,Ophthalmic Laboratory Technicians,18740.0,38420.0,1.7755298308287928,-0.5966759
47-3011,"Helpers--Brickmasons, Blockmasons, Stonemasons, and Tile and Marble Setters",15660.0,46480.0,1.7646838850785211,-1.94229
51-9161,Computer Numerically Controlled Tool Operators,176950.0,49970.0,1.7639726560010776,
49-9096,Riggers,24190.0,62060.0,1.7622692705588074,-1.221519
45-2041,"Graders and Sorters, Agricultural Products",26870.0,35430.0,1.7569035759571963,-1.370968
49-9043,"Maintenance Workers, Machinery",56540.0,60500.0,1.7555456118592907,-0.9735492
51-9051,"Furnace, Kiln, Oven, Drier, and Kettle Operators and Tenders",16160.0,47010.0,1.75538927547296,-0.9582346
37-3013,Tree Trimmers and Pruners,47870.0,50430.0,1.7536322107491094,-1.727035
53-4022,"Railroad Brake, Signal, and Switch Operators and Locomotive Firers",12460.0,65480.0,1.752991081297595,
51-6062,"Textile Cutting Machine Setters, Operators, and Tenders",8960.0,37940.0,1.7523333334656637,-1.022949
41-2011,Cashiers,3148030.0,31190.0,1.751841957199634,-0.2480887
39-5011,Barbers,18100.0,38960.0,1.749084187450607,-0.7294621
51-9123,"Painting, Coating, and Decorating Workers",8470.0,40860.0,1.7462913761387,-0.9705587
47-2131,"Insulation Workers, Floor, Ceiling, and Wall",38610.0,48680.0,1.7462015643703235,-1.618772
49-3051,Motorboat Mechanics and Service Technicians,24250.0,54950.0,1.7419653340218701,-0.8863602
47-2041,Carpet Installers,14980.0,49850.0,1.7408993881822428,-1.564577
51-4111,Tool and Die Makers,55130.0,63180.0,1.738841854778969,-0.5317897
47-4071,Septic Tank Servicers and Sewer Pipe Cleaners,29050.0,49140.0,1.7386655552845496,-1.210591
27-1012,Craft Artists,4370.0,38480.0,1.7384395678981917,-0.9295284
51-8093,"Petroleum Pump System Operators, Refinery Operators, and Gaugers",34860.0,97540.0,1.7333996712312707,-0.370036
47-5011,"Derrick Operators, Oil and Gas",11040.0,62740.0,1.7298852714186272,-1.415002
33-9091,Crossing Guards and Flaggers,90180.0,37700.0,1.7258295570163116,-0.5699511
51-4061,"Model Makers, Metal and Plastic",3230.0,62700.0,1.7223119380025904,-0.7421977
53-4041,Subway and Streetcar Operators,9200.0,84830.0,1.7213473770557197,-0.6155429
51-6011,Laundry and Dry-Cleaning Workers,195360.0,33800.0,1.7204685188967572,-1.054399
47-5041,Continuous Mining Machine Operators,14340.0,63380.0,1.7167947338767613,-1.165492
51-4022,"Forging Machine Setters, Operators, and Tenders, Metal and Plastic",8760.0,49240.0,1.716459059419976,-0.8046677
51-4052,"Pourers and Casters, Metal",5830.0,48940.0,1.7162424154896907,-1.00914
51-9071,Jewelers and Precious Stone and Metal Workers,23420.0,49140.0,1.7160595202293365,-0.1560197
27-2011,Actors,38800.0,,1.7154636605647537,0.1590935
51-7011,Cabinetmakers and Bench Carpenters,79540.0,46020.0,1.7140717990038574,-1.327489
27-3092,Court Reporters and Simultaneous Captioners,12630.0,67310.0,1.7123140884371844,
49-2011,"Computer, Automated Teller, and Office Machine Repairers",73010.0,46860.0,1.7102850822361453,-0.3458247
43-9051,"Mail Clerks and Mail Machine Operators, Except Postal Service",62730.0,38150.0,1.7036801134173047,-0.8184676
47-2151,Pipelayers,33580.0,48710.0,1.7010371178487744,-1.225611
49-9064,Watch and Clock Repairers,1300.0,60690.0,1.700445728221453,-0.2123996
53-6021,Parking Attendants,134650.0,34600.0,1.698762810849353,-0.8353891
35-2011,"Cooks, Fast Food",668230.0,30160.0,1.6915944005795975,-0.7131837
49-9045,"Refractory Materials Repairers, Except Brickmasons",1100.0,58540.0,1.6910958129377762,-1.237463
37-2012,Maids and Housekeeping Cleaners,854910.0,34660.0,1.689822458719064,-1.480657
51-3093,Food Cooking Machine Operators and Tenders,27660.0,40550.0,1.68828125645909,-0.5559894
51-9195,"Molders, Shapers, and Casters, Except Metal and Plastic",34750.0,45690.0,1.680674567095499,-1.183408
49-9061,Camera and Photographic Equipment Repairers,2010.0,49300.0,1.6761414238612071,0.0546422
53-3031,Driver/Sales Workers,417420.0,37130.0,1.6755503542225199,-0.7293087
47-2142,Paperhangers,1520.0,48260.0,1.6743853842902667,-1.72753
47-2072,Pile Driver Operators,3040.0,70510.0,1.6718858336430218,-1.220009
51-9012,"Separating, Filtering, Clarifying, Precipitating, and Still Machine Setters, Operators, and Tenders",54200.0,49500.0,1.6715668193752355,-0.9379141
51-8091,Chemical Plant and System Operators,17840.0,73540.0,1.6627763906207633,-0.3831282
51-4035,"Milling and Planing Machine Setters, Operators, and Tenders, Metal and Plastic",13810.0,48310.0,1.6611923874021142,-0.8703219
47-2221,Structural Iron and Steel Workers,64720.0,62700.0,1.656567114022129,-1.780065
53-7031,Dredge Operators,1030.0,48430.0,1.6561993923484317,-1.016648
53-6061,Passenger Attendants,25340.0,37560.0,1.6522770294121467,-0.3752249
27-2031,Dancers,9060.0,,1.651409846431032,-2.669758
51-4194,"Tool Grinders, Filers, and Sharpeners",5730.0,48970.0,1.6479862677050499,-0.8809238
51-4031,"Cutting, Punching, and Press Machine Setters, Operators, and Tenders, Metal and Plastic",174430.0,45590.0,1.645974912350161,-1.036569
39-5092,Manicurists and Pedicurists,147820.0,34660.0,1.6445451079647746,0.0335124
51-9198,Helpers--Production Workers,167490.0,38220.0,1.643787611565092,-1.411304
51-9021,"Crushing, Grinding, and Polishing Machine Setters, Operators, and Tenders",28550.0,46890.0,1.6432832690766257,-1.043476
51-2031,Engine and Other Machine Assemblers,38420.0,52540.0,1.6411736840359041,-0.9561453
51-4062,"Patternmakers, Metal and Plastic",1570.0,54540.0,1.6317335480693982,-0.6131331
47-5043,"Roof Bolters, Mining",2230.0,76640.0,1.6300620309732579,
51-4191,"Heat Treating Equipment Setters, Operators, and Tenders, Metal and Plastic",14590.0,47450.0,1.6266424412068117,-1.092486
47-3012,Helpers--Carpenters,24610.0,41600.0,1.6215227506134533,-1.425282
53-3032,Heavy and Tractor-Trailer Truck Drivers,2070480.0,57440.0,1.616615527200289,-1.149057
49-9097,Signal and Track Switch Repairers,8210.0,83600.0,1.6149522478288925,-0.858221
39-3011,Gambling Dealers,82980.0,33280.0,1.6079549748271222,0.0605832
51-9191,Adhesive Bonding Machine Operators and Tenders,12170.0,45210.0,1.5990944286439217,-1.311418
51-6061,Textile Bleaching and Dyeing Machine Operators and Tenders,5820.0,37320.0,1.5968320119640211,-0.8609312
37-3011,Landscaping and Groundskeeping Workers,943430.0,38090.0,1.593291883889693,-1.824293
39-3093,"Locker Room, Coatroom, and Dressing Room Attendants",14960.0,34800.0,1.5859289408196204,-0.3454376
27-1013,"Fine Artists, Including Painters, Sculptors, and Illustrators",10000.0,60560.0,1.5838757591312063,-0.5690498
51-6052,"Tailors, Dressmakers, and Custom Sewers",16290.0,40860.0,1.5781885748244209,-0.4305268
39-3021,Motion Picture Projectionists,1950.0,38180.0,1.5767371988444152,-0.3786598
47-2081,Drywall and Ceiling Tile Installers,82900.0,58140.0,1.5732757618934825,-1.647971
43-9081,Proofreaders and Copy Markers,5160.0,49210.0,1.567687501291757,1.288375
51-4032,"Drilling and Boring Machine Tool Setters, Operators, and Tenders, Metal and Plastic",5310.0,46630.0,1.5666941117177144,-0.7598132
43-5053,"Postal Service Mail Sorters, Processors, and Processing Machine Operators",111930.0,56530.0,1.5613386330172827,-1.185001
51-4072,"Molding, Coremaking, and Casting Machine Setters, Operators, and Tenders, Metal and Plastic",154820.0,41230.0,1.5514122953071852,-1.146139
51-4071,Foundry Mold and Coremakers,12720.0,45700.0,1.5400412132418007,-1.740349
47-3014,"Helpers--Painters, Paperhangers, Plasterers, and Stucco Masons",7220.0,38140.0,1.51871031122173,-2.04484
51-3023,Slaughterers and Meat Packers,67500.0,39790.0,1.508118045837501,-1.834668
51-6064,"Textile Winding, Twisting, and Drawing Out Machine Setters, Operators, and Tenders",20600.0,37660.0,1.5010946258753903,-1.392929
49-3022,Automotive Glass Installers and Repairers,18940.0,47260.0,1.4991745163359986,-1.202285
47-5044,"Loading and Moving Machine Operators, Underground Mining",6130.0,68860.0,1.4917959872604782,
49-9091,"Coin, Vending, and Amusement Machine Servicers and Repairers",28260.0,47350.0,1.4892056191612728,-0.7233995
47-2082,Tapers,12500.0,64700.0,1.48092997657837,-1.540774
51-6031,Sewing Machine Operators,109590.0,36000.0,1.4694485194697224,-0.9639661
51-4121,"Welders, Cutters, Solderers, and Brazers",424040.0,51000.0,1.4525633174417736,-1.197596
51-6021,"Pressers, Textile, Garment, and Related Materials",26830.0,33880.0,1.4484159374410477,-1.950063
51-7041,"Sawing Machine Setters, Operators, and Tenders, Wood",43140.0,39950.0,1.4416039497562432,-1.165031
43-5021,Couriers and Messengers,71920.0,38340.0,1.4241403816633043,-0.9591126
47-5051,"Rock Splitters, Quarry",3080.0,47460.0,1.409933494183122,-1.763494
51-6051,"Sewers, Hand",2240.0,33760.0,1.3991803570428039,-0.5987218
53-7063,Machine Feeders and Offbearers,46690.0,39700.0,1.3876524614425776,-1.037413
43-5052,Postal Service Mail Carriers,336040.0,57490.0,1.364850782041294,-1.064715
51-7042,"Woodworking Machine Setters, Operators, and Tenders, Except Sawing",63350.0,40440.0,1.3518949960571756,-1.130357
41-9012,Models,5350.0,89990.0,1.2775815882949664,-1.122021
53-7081,Refuse and Recyclable Material Collectors,139180.0,48350.0,1.140568114317003,-1.283373
45-4021,Fallers,4110.0,53900.0,1.119683897414597,-1.795407
